1.000000000000000000e+09,6.939900855861151907e-01,2.398587480956531515e+00
1.039000000000000000e+09,7.140876832532930818e-01,2.812789257871995963e-01
1.078000000000000000e+09,6.414058246759344328e-01,-1.780810880396858531e+00
1.116999936000000000e+09,6.295830561189394992e-01,2.416690509408858212e+00
1.156000000000000000e+09,6.154254409747064170e-01,2.101156507731560819e-01
1.195000064000000000e+09,5.984897983998568316e-01,-1.716398525443300072e+00
1.234000000000000000e+09,5.455339063115951515e-01,2.378406711629705406e+00
1.272999936000000000e+09,5.597868088516991802e-01,2.895922493372166118e-01
1.312000000000000000e+09,5.407765221270675049e-01,-1.738869534643642245e+00
1.351000064000000000e+09,4.982937982140667188e-01,2.464732094916855409e+00
1.390000000000000000e+09,4.888811254561051256e-01,3.188880504072794664e-01
1.428999936000000000e+09,4.729681843295253096e-01,-1.628543176362660105e+00
1.468000000000000000e+09,5.070239552316667675e-01,2.641340506249354458e+00
1.507000064000000000e+09,4.758486941573479290e-01,4.202300723694602502e-01
1.546000000000000000e+09,5.529120374599197918e-01,-1.565002759046902447e+00
1.584999936000000000e+09,4.624750558196979999e-01,2.581204903251888894e+00
1.624000000000000000e+09,4.877643496506126608e-01,4.777114285394453153e-01
1.663000064000000000e+09,4.996781486263152106e-01,-1.574442645035074362e+00
1.702000000000000000e+09,4.768458978195858067e-01,2.666866953308997257e+00
1.740999936000000000e+09,4.792866887800245612e-01,5.105477245312625145e-01
1.780000000000000000e+09,5.045768999339522720e-01,-1.545686271122905131e+00
1.819000064000000000e+09,4.897243314374688516e-01,2.665426460264500808e+00
1.858000000000000000e+09,4.563185983118014377e-01,5.541809791557231746e-01
1.896999936000000000e+09,5.317828230122859656e-01,-1.564509978074560381e+00
1.936000000000000000e+09,4.645150615946596617e-01,2.691857354895985655e+00
1.975000064000000000e+09,4.783656106867485436e-01,5.593317515656903716e-01
2.014000000000000000e+09,5.014887921836744811e-01,-1.568320423079294201e+00
2.052999936000000000e+09,4.815767278428979004e-01,2.702419865114261022e+00
2.092000000000000000e+09,4.739057629953757345e-01,5.487655300015977788e-01
2.131000064000000000e+09,5.038632725442032667e-01,-1.553496483988627608e+00
2.169999872000000000e+09,4.802623500674108037e-01,2.651023663980744516e+00
2.208999936000000000e+09,4.732217573087156848e-01,5.776716369278014351e-01
2.248000000000000000e+09,4.938688365822858639e-01,-1.621616964150441431e+00
2.287000064000000000e+09,4.785956376288675318e-01,2.656638037161350940e+00
2.326000128000000000e+09,4.682356869517038112e-01,5.245964749815975603e-01
2.364999936000000000e+09,4.727979871956083380e-01,-1.623068460919677047e+00
2.404000000000000000e+09,4.765284990197296566e-01,2.628170885855157568e+00
2.443000064000000000e+09,4.545222489221959483e-01,5.003850848194429934e-01
2.481999872000000000e+09,4.672884630460782396e-01,-1.655079272814973912e+00
2.520999936000000000e+09,4.481909080682066060e-01,2.559736754931893454e+00
2.560000000000000000e+09,4.552868478327187773e-01,4.756122969635818154e-01
2.599000064000000000e+09,4.237899439260494061e-01,-1.692798973261568696e+00
2.638000128000000000e+09,4.299410715257884763e-01,2.543418958858343348e+00
2.676999936000000000e+09,4.178926401806568047e-01,4.596703679546568222e-01
2.716000000000000000e+09,3.980169527874984903e-01,-1.646578491386800680e+00
2.755000064000000000e+09,4.301148256515360258e-01,2.540279396977462412e+00
2.793999872000000000e+09,4.157313722562299696e-01,4.549693385666035983e-01
2.832999936000000000e+09,4.005723859604599646e-01,-1.732099592291497236e+00
2.872000000000000000e+09,3.951227663015625113e-01,2.506233000183068160e+00
2.911000064000000000e+09,4.049842642261619607e-01,3.492538417624433955e-01
2.950000128000000000e+09,3.666422072885661687e-01,-1.746544849878281180e+00
2.988999936000000000e+09,3.650166234885799388e-01,2.410525245219473867e+00
3.028000000000000000e+09,3.723644244607053344e-01,2.699327983847797374e-01
3.067000064000000000e+09,3.046684932576731453e-01,-1.875837902068114849e+00
3.105999872000000000e+09,2.589076562707536833e-01,2.373898684184493124e+00
3.144999936000000000e+09,2.806430230448634933e-01,4.611350501614021047e-01
3.184000000000000000e+09,2.667361177712957443e-01,-1.629036654048246380e+00
3.223000064000000000e+09,2.818300099690567162e-01,2.597238384516256993e+00
3.262000128000000000e+09,2.806255968542651358e-01,4.330537260964156254e-01
3.300999936000000000e+09,2.712917112227624106e-01,-1.566173305498688384e+00
3.340000000000000000e+09,2.575347808945349648e-01,2.609997549918793958e+00
3.379000064000000000e+09,2.705660273465851362e-01,4.521928506101111633e-01
3.417999872000000000e+09,2.534698237805595999e-01,-1.496051336789023578e+00
3.456999936000000000e+09,2.402464864327497618e-01,2.614820892094260607e+00
3.496000000000000000e+09,2.558072485913688854e-01,5.365678556468823635e-01
3.535000064000000000e+09,2.352494402434192056e-01,-1.492301213198970800e+00
3.574000128000000000e+09,2.358019223509642270e-01,2.699673568993202100e+00
3.612999936000000000e+09,2.281674359212805814e-01,5.704070024869231093e-01
3.652000000000000000e+09,2.386403881395913473e-01,-1.442513687499093367e+00
3.691000064000000000e+09,2.110550898370044948e-01,2.776082049925286732e+00
3.729999872000000000e+09,2.237804567181060356e-01,5.968206716931478972e-01
3.768999936000000000e+09,2.255898951898552829e-01,-1.341854821437353351e+00
3.808000000000000000e+09,2.001278976677438315e-01,2.790933819766218349e+00
3.847000064000000000e+09,2.206067055557537071e-01,6.699766676164677914e-01
3.886000128000000000e+09,2.069546411143307063e-01,-1.345574705364543044e+00
3.924999936000000000e+09,1.998808869002587363e-01,2.831848307665550291e+00
3.964000000000000000e+09,1.913590910554815727e-01,6.886412703552630132e-01
4.003000064000000000e+09,1.983735755827948644e-01,-1.377561101441248548e+00
4.041999872000000000e+09,1.590709991469757001e-01,2.824591203060704103e+00
4.080999936000000000e+09,1.141218618310350791e-01,6.821478348743478248e-01
4.120000000000000000e+09,1.404116191993748930e-01,-4.845120585652819556e-01
4.159000064000000000e+09,2.061742980116271773e-01,-2.821723428526158539e+00
4.198000128000000000e+09,2.401723516081036569e-01,1.171890391271248610e+00
4.236999936000000000e+09,2.327184954126193805e-01,-8.950818005062708416e-01
4.276000000000000000e+09,2.301438541095910673e-01,-3.063704355786087241e+00
4.314999808000000000e+09,2.247912175736201945e-01,1.064920142139562431e+00
4.353999872000000000e+09,2.439220429331620532e-01,-9.667065408598243259e-01
4.392999936000000000e+09,2.235256413276817677e-01,-3.054163241690792230e+00
4.432000000000000000e+09,2.241237455825783043e-01,1.013667015008343109e+00
4.471000064000000000e+09,2.485404181761721454e-01,-9.395289158443889121e-01
4.510000128000000000e+09,2.191420292788730240e-01,-3.094059538381595864e+00
4.549000192000000000e+09,2.326143528763892354e-01,1.021111597712532459e+00
4.588000256000000000e+09,2.364944943294461088e-01,-9.646617984547815050e-01
4.626999808000000000e+09,2.285328650807648132e-01,-3.135883279341846741e+00
4.665999872000000000e+09,2.207920965069697927e-01,1.056549891147913423e+00
4.704999936000000000e+09,2.400064052812186099e-01,-1.024043918102864215e+00
4.744000000000000000e+09,2.229230799373352612e-01,-3.087006195505655803e+00
4.783000064000000000e+09,2.157365483673549245e-01,1.012925517617389248e+00
4.822000128000000000e+09,2.431030602834620136e-01,-1.001005341038884833e+00
4.861000192000000000e+09,2.130447125734939717e-01,-3.124804856270592346e+00
4.899999744000000000e+09,2.205120096187655754e-01,1.022092537657844025e+00
4.938999808000000000e+09,2.247297222937647276e-01,-1.032600946762887384e+00
4.977999872000000000e+09,2.144807894971866857e-01,3.130872016300131566e+00
5.016999936000000000e+09,2.064046191311397771e-01,1.056402914387374548e+00
5.056000000000000000e+09,2.164994199759384674e-01,-1.082251030001961656e+00
5.095000064000000000e+09,2.056768440945521692e-01,-3.117670185840576202e+00
5.134000128000000000e+09,1.971851347730364801e-01,1.054276224303062115e+00
5.173000192000000000e+09,2.107219543194768785e-01,-1.076763439420751256e+00
5.212000256000000000e+09,1.917270486651129202e-01,-3.103717902045529442e+00
5.250999808000000000e+09,1.963410047237182099e-01,1.049935514022902305e+00
5.289999872000000000e+09,1.903644902497990954e-01,-1.012592653782367735e+00
5.328999936000000000e+09,1.912914316690234040e-01,-3.108962160583007339e+00
5.368000000000000000e+09,1.885320301705173951e-01,1.145941792151726979e+00
5.407000064000000000e+09,1.884354550044868570e-01,-1.023844687915462348e+00
5.446000128000000000e+09,1.925431476001275566e-01,-3.051788547197664236e+00
5.485000192000000000e+09,1.889399969199487828e-01,1.149714789171308205e+00
5.523999744000000000e+09,1.943219590386789930e-01,-1.000838693094298959e+00
5.562999808000000000e+09,1.973248367340768306e-01,-3.037885421581667522e+00
5.601999872000000000e+09,2.054771525454810177e-01,1.073054401722314033e+00
5.640999936000000000e+09,2.091345083155589923e-01,-1.035894674583054176e+00
5.680000000000000000e+09,2.103640624863520325e-01,2.932333609015588927e+00
5.719000064000000000e+09,1.818922454134743738e-01,7.529227922369405857e-01
5.758000128000000000e+09,1.285682030297597978e-01,-1.340849729506328192e+00
5.797000192000000000e+09,1.261686662292700323e-01,3.035905027385553900e+00
5.836000256000000000e+09,1.224128517979561209e-01,1.108987741253752768e+00
5.874999808000000000e+09,1.254919384723864606e-01,-9.697680999246297562e-01
5.913999872000000000e+09,1.276101326354819321e-01,-2.991551933653803008e+00
5.952999936000000000e+09,1.306888341148916000e-01,1.186279130097119161e+00
5.992000000000000000e+09,1.319184667524438137e-01,-7.922576629635625922e-01
6.031000064000000000e+09,1.254156389578657271e-01,-3.008638822050917927e+00
6.070000128000000000e+09,1.427505221350724718e-01,1.307404238604106705e+00
6.109000192000000000e+09,1.244382401710314029e-01,-8.231542272898925150e-01
6.147999744000000000e+09,1.344136403605707131e-01,-2.953764692215303800e+00
6.186999808000000000e+09,1.332790862024096079e-01,1.305128168608027162e+00
6.225999872000000000e+09,1.302024498665712016e-01,-8.422911463738305127e-01
6.264999936000000000e+09,1.275156040291720028e-01,-2.921181781025593338e+00
6.304000000000000000e+09,1.299413034393977762e-01,1.190340977385754950e+00
6.343000064000000000e+09,1.257690791715901091e-01,-8.292238964186828820e-01
6.382000128000000000e+09,1.108624700916391731e-01,-3.083816610168162775e+00
6.421000192000000000e+09,1.199722884583455523e-01,1.074733180520855980e+00
6.460000256000000000e+09,8.675311521072467946e-02,-1.104833528726336667e+00
6.498999808000000000e+09,5.911515496958572730e-02,2.950356382421557733e+00
6.537999872000000000e+09,2.617963792454212901e-02,1.799576952723992651e+00
6.576999936000000000e+09,6.691493771982273686e-02,3.120786605561556293e-01
6.616000000000000000e+09,1.006490427644811947e-01,-1.897968870456926416e+00
6.655000064000000000e+09,1.257552562183613942e-01,2.083412884362286555e+00
6.694000128000000000e+09,1.271083995340841766e-01,9.152810876681230154e-03
6.733000192000000000e+09,1.276925581637158025e-01,-2.267324636488506684e+00
6.771999744000000000e+09,1.507071984631467298e-01,1.923059586739571003e+00
6.810999808000000000e+09,1.277708678332547809e-01,-1.624781841230027724e-01
6.849999872000000000e+09,1.431393031157403017e-01,-2.357189351036271585e+00
6.888999936000000000e+09,1.415897015877037868e-01,1.868667835231637930e+00
6.928000000000000000e+09,1.365622359449991108e-01,-2.437064309498469528e-01
6.967000064000000000e+09,1.395162931574306098e-01,-2.328265375868746823e+00
7.006000128000000000e+09,1.388850822444812894e-01,1.789162622347720610e+00
7.045000192000000000e+09,1.440094586156888401e-01,-1.904375393464096955e-01
7.084000256000000000e+09,1.335414152493742124e-01,-2.367370707337055347e+00
7.122999808000000000e+09,1.481819803355687026e-01,1.801742530484461646e+00
7.161999872000000000e+09,1.388547827463608164e-01,-2.000050745539784791e-01
7.200999936000000000e+09,1.414478788378972507e-01,-2.409725414991857662e+00
7.240000000000000000e+09,1.430946015600768895e-01,1.849585252170892202e+00
7.279000064000000000e+09,1.414514846285745142e-01,-2.813585673263892528e-01
7.318000128000000000e+09,1.421967541840624683e-01,-2.364199806871159826e+00
7.357000192000000000e+09,1.380187574768708958e-01,1.799784831712905264e+00
7.395999744000000000e+09,1.476780450988628424e-01,-2.937735353973094377e-01
7.434999808000000000e+09,1.348525925430845152e-01,-2.383216913152328864e+00
7.473999872000000000e+09,1.396298951977657798e-01,1.749734277201334010e+00
7.512999936000000000e+09,1.388990949757288040e-01,-2.809205633417445336e-01
7.552000000000000000e+09,1.327710834464734535e-01,-2.432415851517045979e+00
7.591000064000000000e+09,1.372712845550781990e-01,1.781514315475984933e+00
7.630000128000000000e+09,1.320626354419990878e-01,-3.506212821698319604e-01
7.669000192000000000e+09,1.316407997089758530e-01,-2.477091864036456315e+00
7.708000256000000000e+09,1.198399891251892557e-01,1.709769542662115116e+00
7.746999808000000000e+09,1.135183648102773002e-01,-4.057181342850890715e-01
7.785999872000000000e+09,1.087481302260158711e-01,-2.397526333012556687e+00
7.824999936000000000e+09,1.011895726197390294e-01,1.810864499697283581e+00
7.864000000000000000e+09,1.068853332698002923e-01,-1.851487288427864641e-01
7.903000064000000000e+09,1.066768906657150490e-01,-2.261667105903832020e+00
7.942000128000000000e+09,1.086398621968703987e-01,1.940584000055534108e+00
7.981000192000000000e+09,1.082108637071369089e-01,-9.618006385619688736e-02
8.019999744000000000e+09,1.148659542223868374e-01,-2.246288809322139812e+00
8.058999808000000000e+09,1.103674274575163344e-01,2.000291265143852915e+00
8.097999872000000000e+09,1.100791032672871900e-01,-9.734857999154337971e-02
8.136999936000000000e+09,1.180252778584493789e-01,-2.235036706806282858e+00
8.176000000000000000e+09,1.057586242546950384e-01,2.005625293746736926e+00
8.215000064000000000e+09,1.138345979552846526e-01,-9.755876027338050704e-02
8.254000128000000000e+09,1.106548691109326132e-01,-2.205691907022682585e+00
8.293000192000000000e+09,1.076938489539327609e-01,1.992572325466083427e+00
8.332000256000000000e+09,1.090766426912700288e-01,-5.344179684821624005e-02
8.370999808000000000e+09,1.066107654322983739e-01,-2.237163761779878524e+00
8.409999872000000000e+09,1.043888097587745284e-01,2.036948792854549772e+00
8.448999936000000000e+09,1.024072011239063051e-01,-6.339192573141720632e-02
8.488000000000000000e+09,1.020511337637153293e-01,-2.237771893872617213e+00
8.527000064000000000e+09,9.511077046500999999e-02,2.073893759775098822e+00
8.566000128000000000e+09,9.588680351425807324e-02,-8.949088714089059593e-02
8.604999680000000000e+09,8.928964979428009874e-02,-2.139722466393642275e+00
8.643999744000000000e+09,8.685795701439166794e-02,2.098929290965536598e+00
8.682999808000000000e+09,8.525801976663714699e-02,6.476627456346495393e-02
8.721999872000000000e+09,8.181252472488628746e-02,-2.014105899978458680e+00
8.760999936000000000e+09,8.403864598849278278e-02,2.273526422056041607e+00
8.800000000000000000e+09,8.363744740580524029e-02,2.409070901027701161e-01
8.839000064000000000e+09,8.397614809375093803e-02,-1.881331975690862857e+00
8.878000128000000000e+09,8.900813002397123253e-02,2.452468720487709142e+00
8.917000192000000000e+09,8.784992889702364360e-02,2.962247794357013575e-01
8.956000256000000000e+09,9.334242462848303667e-02,-1.732810296572091513e+00
8.995000320000000000e+09,9.353069425653368074e-02,2.438479509048384841e+00
9.034000384000000000e+09,9.702262212267651065e-02,3.815968858853596712e-01
9.073000448000000000e+09,9.606770809109947684e-02,-1.725512390869069046e+00
9.112000512000000000e+09,9.974320477830858622e-02,2.457492107624604571e+00
9.150999552000000000e+09,9.980350686141019334e-02,4.238169261247196062e-01
9.189999616000000000e+09,9.810578703928110600e-02,-1.741275406304071183e+00
9.228999680000000000e+09,1.052172952895388397e-01,2.512092981694972416e+00
9.267999744000000000e+09,9.666713165011299458e-02,3.975322576000328012e-01
9.306999808000000000e+09,1.084098560453173182e-01,-1.690835617406480029e+00
9.345999872000000000e+09,9.800960278816606142e-02,2.489528277780738819e+00
9.384999936000000000e+09,1.071692928964079056e-01,4.261029617405256986e-01
9.424000000000000000e+09,1.025874592510391536e-01,-1.685884978463016326e+00
9.463000064000000000e+09,1.029793331321483679e-01,2.478160089627130525e+00
9.502000128000000000e+09,1.065798948121457340e-01,4.589286381571108797e-01
9.541000192000000000e+09,1.005009601019128673e-01,-1.714080593580559198e+00
9.580000256000000000e+09,1.082848972044376246e-01,2.526138742570215978e+00
9.619000320000000000e+09,9.960974531076055571e-02,4.287539780972354220e-01
9.658000384000000000e+09,1.089727210771847393e-01,-1.707021800553106594e+00
9.697000448000000000e+09,9.873018509902087292e-02,2.534855003377806781e+00
9.735999488000000000e+09,1.078463565828562537e-01,3.693107675271108947e-01
9.774999552000000000e+09,1.004069391725213173e-01,-1.680137523043083281e+00
9.813999616000000000e+09,1.013988436800013493e-01,2.444121015249229867e+00
9.852999680000000000e+09,1.025611716978172550e-01,3.677747076452537733e-01
9.891999744000000000e+09,9.283060258327038849e-02,-1.779849582174771960e+00
9.930999808000000000e+09,9.656587666327665076e-02,2.381049672118389804e+00
9.969999872000000000e+09,7.839398380334831884e-02,2.669771757090705355e-01
1.000899993600000000e+10,7.349522673703047515e-02,-1.793735655769589377e+00
1.004800000000000000e+10,6.317339552325298979e-02,2.594865357892040869e+00
1.008700006400000000e+10,6.412625985614164859e-02,5.854969254669966094e-01
1.012600012800000000e+10,6.919538266882169220e-02,-1.308321844168854220e+00
1.016500019200000000e+10,7.366647642314824718e-02,2.849832982728840669e+00
1.020400025600000000e+10,7.846557029863471255e-02,8.231286125333305836e-01
1.024300032000000000e+10,7.940431903593513085e-02,-1.255696001216153546e+00
1.028200038400000000e+10,8.664585847894348825e-02,2.896013710383785078e+00
1.032100044800000000e+10,8.183864482566309551e-02,8.589629516118860719e-01
1.036000051200000000e+10,8.787170355462610438e-02,-1.276789663552968301e+00
1.039899955200000000e+10,8.837132675738891552e-02,2.966927485017875288e+00
1.043799961600000000e+10,8.461203039985323859e-02,8.324738967241175347e-01
1.047699968000000000e+10,9.202763641114433679e-02,-1.189864451546117419e+00
1.051599974400000000e+10,8.772470632231881005e-02,2.952380427390122186e+00
1.055499980800000000e+10,9.242251413253819992e-02,8.836594008123421773e-01
1.059399987200000000e+10,8.999460970421724326e-02,-1.188255179933410233e+00
1.063299993600000000e+10,9.385365112840614310e-02,2.947939136138428395e+00
1.067200000000000000e+10,9.132161341243573427e-02,9.334022907501350330e-01
1.071100006400000000e+10,9.234569917711260567e-02,-1.224471220455292553e+00
1.075000012800000000e+10,9.588867006368363699e-02,3.015744360387145662e+00
1.078900019200000000e+10,8.991322730275225217e-02,8.922951672352419372e-01
1.082800025600000000e+10,9.584654407829858169e-02,-1.180854685224212108e+00
1.086700032000000000e+10,9.220945227655437393e-02,3.009264195717163304e+00
1.090600038400000000e+10,9.362019085553678621e-02,8.776239633285169983e-01
1.094500044800000000e+10,9.064655866488356695e-02,-1.138751257645561399e+00
1.098399948800000000e+10,9.418775235816867486e-02,2.961763956022645861e+00
1.102299955200000000e+10,8.998570142641088010e-02,9.590673358457416642e-01
1.106199961600000000e+10,8.958262367903919998e-02,-1.185628366103725018e+00
1.110099968000000000e+10,9.408451478709038696e-02,3.046951754277575031e+00
1.113999974400000000e+10,8.513972924320122038e-02,9.162176913161385050e-01
1.117899980800000000e+10,8.961350140315635371e-02,-1.112570387043758435e+00
1.121799987200000000e+10,8.768220409361464351e-02,3.038800009141287894e+00
1.125699993600000000e+10,8.400209510835517090e-02,9.560223921603187014e-01
1.129600000000000000e+10,8.495089628807700466e-02,-1.047164196340359066e+00
1.133500006400000000e+10,8.618089319715059593e-02,3.055789893264504897e+00
1.137400012800000000e+10,8.242662008142417895e-02,1.070361796168691093e+00
1.141300019200000000e+10,8.403189606522563915e-02,-1.061735889301535618e+00
1.145200025600000000e+10,8.658577425394481386e-02,-3.115302652745196355e+00
1.149100032000000000e+10,7.961580647224118790e-02,1.052981857813616973e+00
1.153000038400000000e+10,8.579885491128340369e-02,-9.568973588902305316e-01
1.156900044800000000e+10,8.281595856542760259e-02,-3.120059786836095306e+00
1.160800051200000000e+10,8.250767849455854785e-02,1.134273622778340984e+00
1.164699955200000000e+10,8.411411924023209918e-02,-9.530064058563437746e-01
1.168599961600000000e+10,8.305037751352478681e-02,-3.083471660346713605e+00
1.172499968000000000e+10,8.238028521785499547e-02,1.185942122149268751e+00
1.176399974400000000e+10,8.209694030875351600e-02,-9.687548305182129837e-01
1.180299980800000000e+10,8.261720922115911581e-02,-2.993757715170878075e+00
1.184199987200000000e+10,7.994697509044178252e-02,1.157231536706599506e+00
1.188099993600000000e+10,8.215824130626972477e-02,-8.818458192023622688e-01
1.192000000000000000e+10,7.833156918608775998e-02,-3.010356053379499297e+00
1.195900006400000000e+10,8.118237470827754931e-02,1.237215825551111426e+00
1.199800012800000000e+10,7.761371483531614990e-02,-8.842945301926784518e-01
1.203700019200000000e+10,7.804444764726173323e-02,-2.939288230239259558e+00
1.207600025600000000e+10,7.891831876467651774e-02,1.278587616583500619e+00
1.211500032000000000e+10,7.592585091824606558e-02,-8.632817319477983364e-01
1.215400038400000000e+10,7.658853627251817342e-02,-2.862306302506086197e+00
1.219300044800000000e+10,7.582078319316062909e-02,1.267717125969412884e+00
1.223199948800000000e+10,7.499408792995333750e-02,-7.705782881413011376e-01
1.227099955200000000e+10,7.255256402430368401e-02,-2.858008151435107891e+00
1.230999961600000000e+10,7.617137862516934477e-02,1.360025690248272356e+00
1.234899968000000000e+10,7.048927351951764231e-02,-7.387988064804519306e-01
1.238799974400000000e+10,7.234665496828109055e-02,-2.783215503332474139e+00
1.242699980800000000e+10,7.189352487163572225e-02,1.437066592632399553e+00
1.246599987200000000e+10,6.967721269736869283e-02,-6.754385785896900307e-01
1.250499993600000000e+10,7.075610200643774050e-02,-2.673173306255800963e+00
1.254400000000000000e+10,7.038313706149672278e-02,1.494555639256121671e+00
1.258300006400000000e+10,7.232927038021916277e-02,-5.519829324568513718e-01
1.262200012800000000e+10,6.915249564943160010e-02,-2.624917998021808696e+00
1.266100019200000000e+10,7.477299058073558213e-02,1.598463748136008222e+00
1.270000025600000000e+10,7.135330666053925353e-02,-4.891206142709540461e-01
1.273900032000000000e+10,7.344570819972078002e-02,-2.558377477660489063e+00
1.277800038400000000e+10,7.573191611214566410e-02,1.670582479942292586e+00
1.281700044800000000e+10,7.421466502961653056e-02,-4.635701620215559315e-01
1.285600051200000000e+10,7.573101389840199149e-02,-2.489155531843919800e+00
1.289499955200000000e+10,7.633374310431237375e-02,1.699870930166029082e+00
1.293399961600000000e+10,7.892625000105729649e-02,-4.095827107756331298e-01
1.297299968000000000e+10,7.559413419886608365e-02,-2.440780102623006709e+00
1.301199974400000000e+10,8.226479658725073529e-02,1.718344405758036819e+00
1.305099980800000000e+10,7.894303283322350040e-02,-3.506923380510496013e-01
1.308999987200000000e+10,8.026370569663725252e-02,-2.443809067062440388e+00
1.312899993600000000e+10,8.471585719144443527e-02,1.756379073602918561e+00
1.316800000000000000e+10,8.005566712069496493e-02,-3.585465742029118608e-01
1.320700006400000000e+10,8.452597839208771113e-02,-2.433836143868282509e+00
1.324600012800000000e+10,8.292299315450513131e-02,1.766066159448118400e+00
1.328500019200000000e+10,8.362525158672635961e-02,-3.828591355876662106e-01
1.332400025600000000e+10,8.233981486702382502e-02,-2.394146982616712993e+00
1.336300032000000000e+10,8.387010125458317644e-02,1.714951567163790047e+00
1.340200038400000000e+10,8.346577487842467280e-02,-3.236448870395632893e-01
1.344100044800000000e+10,8.089198137340797290e-02,-2.452468193154531573e+00
1.347999948800000000e+10,8.476472896771529431e-02,1.751563643619691302e+00
1.351899955200000000e+10,7.955919561925275940e-02,-3.428495366099326702e-01
1.355799961600000000e+10,8.165191566228303943e-02,-2.457455932139402499e+00
1.359699968000000000e+10,7.995926859251237251e-02,1.793115596461361427e+00
1.363599974400000000e+10,7.933433397887371119e-02,-3.924051460518826473e-01
1.367499980800000000e+10,7.738674202990827866e-02,-2.381144942115433150e+00
1.371399987200000000e+10,7.655979826370847008e-02,1.750331024714421702e+00
1.375299993600000000e+10,7.872179050513399001e-02,-3.072774761815319500e-01
1.379200000000000000e+10,7.116938680928712457e-02,-2.406449223259500947e+00
1.383100006400000000e+10,7.780438331941030849e-02,1.829725587842017331e+00
1.387000012800000000e+10,7.263362713193693976e-02,-2.912766994996080494e-01
1.390900019200000000e+10,7.172289096194728319e-02,-2.374622356898892228e+00
1.394800025600000000e+10,7.366537121612672101e-02,1.891251051103087999e+00
1.398700032000000000e+10,7.050589301732221315e-02,-3.141817300951222913e-01
1.402600038400000000e+10,6.891898605627096164e-02,-2.269154673966595759e+00
1.406500044800000000e+10,7.031500673774342125e-02,1.873804550378208811e+00
1.410400051200000000e+10,7.062061717231443714e-02,-2.142622600615471384e-01
1.414299955200000000e+10,6.411721435141921888e-02,-2.273393560347789055e+00
1.418199961600000000e+10,7.044974134694602375e-02,1.950520304768041280e+00
1.422099968000000000e+10,6.562298385655550292e-02,-1.692883613249941410e-01
1.425999974400000000e+10,6.399176054526539703e-02,-2.222700193600869234e+00
1.429899980800000000e+10,6.728061155222961331e-02,2.027331767644446003e+00
1.433799987200000000e+10,6.354385197175399513e-02,-1.318753382984353961e-01
1.437699993600000000e+10,6.479278955948140906e-02,-2.118417798065493685e+00
1.441600000000000000e+10,6.333206878816015351e-02,2.033244207079190513e+00
1.445500006400000000e+10,6.496873027851331195e-02,-1.809388915166059569e-02
1.449400012800000000e+10,6.081436946446281550e-02,-2.103503619374461842e+00
1.453300019200000000e+10,6.394709476505107404e-02,2.147090128958160538e+00
1.457200025600000000e+10,6.378224494101852882e-02,3.759167840737167449e-02
1.461100032000000000e+10,6.161641491271772908e-02,-2.044145252390916045e+00
1.465000038400000000e+10,6.346270315990525102e-02,2.210407897632067797e+00
1.468900044800000000e+10,6.298293135873898885e-02,8.626325761890804578e-02
1.472799948800000000e+10,6.307876575558836463e-02,-1.973455365346259205e+00
1.476699955200000000e+10,6.126399911093977080e-02,2.236707969046858313e+00
1.480599961600000000e+10,6.473929147095018599e-02,1.613096990554748755e-01
1.484499968000000000e+10,6.063843129571137858e-02,-1.952702158309025826e+00
1.488399974400000000e+10,6.145398651040912680e-02,2.324690282686570075e+00
1.492299980800000000e+10,6.419749055030542217e-02,2.072858802966410230e-01
1.496199987200000000e+10,6.073190222082109485e-02,-1.868086868198854722e+00
1.500099993600000000e+10,6.299299691023496628e-02,2.374490531228507173e+00
1.504000000000000000e+10,6.378651692753463387e-02,2.709634067607587515e-01
1.507900006400000000e+10,6.300574469993233673e-02,-1.814602232937916781e+00
1.511800012800000000e+10,6.260374077095556822e-02,2.421321405148550987e+00
1.515700019200000000e+10,6.544442870781140564e-02,3.347482223327152839e-01
1.519600025600000000e+10,6.332363070557361917e-02,-1.773032190397606955e+00
1.523500032000000000e+10,6.416491639214265408e-02,2.492665121976915366e+00
1.527400038400000000e+10,6.629998331643553733e-02,3.643509537683320421e-01
1.531300044800000000e+10,6.582638758189954253e-02,-1.683655397236548668e+00
1.535200051200000000e+10,6.695496915871269883e-02,2.478544654587273133e+00
1.539099955200000000e+10,6.723304295232047922e-02,4.280815689343527852e-01
1.542999961600000000e+10,6.761868824961109192e-02,-1.700005676847765601e+00
1.546899968000000000e+10,6.668214877493336412e-02,2.534576228612136273e+00
1.550799974400000000e+10,6.962902915342215893e-02,4.460401569630416674e-01
1.554699980800000000e+10,6.872787114777670348e-02,-1.680390454881997675e+00
1.558599987200000000e+10,6.910020422226280379e-02,2.553873710855822043e+00
1.562499993600000000e+10,6.966184459290512831e-02,4.393251658788066005e-01
1.566400000000000000e+10,7.272100023246219624e-02,-1.650097969454169755e+00
1.570300006400000000e+10,6.742037565400779697e-02,2.505923664264862349e+00
1.574200012800000000e+10,7.273929035636612916e-02,4.703454860546733562e-01
1.578100019200000000e+10,6.863296300018381646e-02,-1.704298817684840817e+00
1.582000025600000000e+10,6.880494902137614111e-02,2.555600941164991369e+00
1.585900032000000000e+10,7.097178766388843874e-02,4.385096453712795661e-01
1.589800038400000000e+10,6.808039146739552905e-02,-1.688558395764834463e+00
1.593700044800000000e+10,6.815471443516998851e-02,2.552081834514224656e+00
1.597599948800000000e+10,6.774553617928297244e-02,4.280474499808597511e-01
1.601499955200000000e+10,6.775661903722804413e-02,-1.673965415651450517e+00
1.605399961600000000e+10,6.299412443495609748e-02,2.548248669115030118e+00
1.609299968000000000e+10,6.834505513594435477e-02,4.467783514494052532e-01
1.613199974400000000e+10,6.130551872842530253e-02,-1.659143513189915931e+00
1.617099980800000000e+10,6.438051087633114844e-02,2.570803878716550361e+00
1.620999987200000000e+10,6.229588440431026164e-02,4.541622700814984537e-01
1.624899993600000000e+10,5.992069363439766344e-02,-1.634925688765365148e+00
1.628800000000000000e+10,6.058120658444003659e-02,2.596940774000310093e+00
1.632700006400000000e+10,5.833772825430335457e-02,4.747465336415402359e-01
1.636600012800000000e+10,5.813141126107507911e-02,-1.577259201828567159e+00
1.640500019200000000e+10,5.621206842242187918e-02,2.608732190972377740e+00
1.644400025600000000e+10,5.582964184613437714e-02,5.374976764060355183e-01
1.648300032000000000e+10,5.424910773985121282e-02,-1.523803955160166979e+00
1.652200038400000000e+10,5.454230774788978997e-02,2.660726804446194027e+00
1.656100044800000000e+10,5.185801339204250404e-02,6.136586190404457186e-01
1.660000051200000000e+10,5.318925076852274586e-02,-1.457960043064396638e+00
1.663899955200000000e+10,5.138322490695827749e-02,2.728040562766255839e+00
1.667799961600000000e+10,4.956889864780981980e-02,6.947228610221759526e-01
1.671699968000000000e+10,5.176707610516958352e-02,-1.366388008629292328e+00
1.675599974400000000e+10,4.924768762165675912e-02,2.793703449986374654e+00
1.679499980800000000e+10,4.822870416757583240e-02,8.170988985232795487e-01
1.683399987200000000e+10,5.179984935731688639e-02,-1.304865880143496248e+00
1.687299993600000000e+10,4.792780172114200626e-02,2.903201709889041471e+00
1.691200000000000000e+10,4.852839654605843600e-02,8.812984023359793362e-01
1.695100006400000000e+10,5.085912386138464331e-02,-1.200282481153617686e+00
1.699000012800000000e+10,4.797459233163312020e-02,2.978351596051550754e+00
1.702900019200000000e+10,4.927581179803741662e-02,9.826063122765499314e-01
1.706800025600000000e+10,5.136689140748720156e-02,-1.125755540556964140e+00
1.710700032000000000e+10,4.982933162029337670e-02,3.041274688216160538e+00
1.714600038400000000e+10,4.953989478407441055e-02,1.064464128276702226e+00
1.718499942400000000e+10,5.335099789834755329e-02,-1.107739785626915996e+00
1.722399948800000000e+10,5.015078893637432006e-02,-3.122816700684902802e+00
1.726299955200000000e+10,5.247340423787176522e-02,1.036217709524184238e+00
1.730199961600000000e+10,5.232811356344759662e-02,-9.943877217922324485e-01
1.734099968000000000e+10,5.177918895238366875e-02,-3.137795600514784233e+00
1.737999974400000000e+10,5.170609849746254927e-02,1.134039097762095105e+00
1.741899980800000000e+10,5.249693522068707430e-02,-9.589081454535645088e-01
1.745799987200000000e+10,5.288145632545356717e-02,-3.059596849584888201e+00
1.749699993600000000e+10,5.184460018324480585e-02,1.216484627916653238e+00
1.753600000000000000e+10,5.466403216261912085e-02,-9.186575179105487265e-01
1.757500006400000000e+10,5.487659294758891887e-02,-2.942681997625818724e+00
1.761400012800000000e+10,5.380043106931983732e-02,1.187165880206158652e+00
1.765300019200000000e+10,5.680154338840120998e-02,-7.926721177477867863e-01
1.769200025600000000e+10,5.603914114620522913e-02,-2.980071492364147367e+00
1.773100032000000000e+10,5.749722359083689338e-02,1.290299343718200653e+00
1.777000038400000000e+10,5.817407072039657706e-02,-8.195877409411966852e-01
1.780900044800000000e+10,5.982537382454901354e-02,-2.949971690199953311e+00
1.784800051200000000e+10,5.840541837671722053e-02,1.292134405135846320e+00
1.788700057600000000e+10,6.051285497144222314e-02,-8.432402083780288216e-01
1.792600064000000000e+10,6.149484829021916593e-02,-2.924179161020278528e+00
1.796500070400000000e+10,5.804837435478226587e-02,1.247682849834410579e+00
1.800400076800000000e+10,6.357423316609980835e-02,-8.210683908434144307e-01
1.804300083200000000e+10,5.836627831114039183e-02,-2.955259130819165136e+00
1.808200089600000000e+10,6.200136187621051176e-02,1.254840647434890100e+00
1.812100096000000000e+10,5.946391814155441852e-02,-8.349780692972822438e-01
1.816000102400000000e+10,6.039595820398014486e-02,-2.962717647163628953e+00
1.819899904000000000e+10,5.990123498380602735e-02,1.269087554702945431e+00
1.823799910400000000e+10,5.876314531042077516e-02,-8.640542802616542062e-01
1.827699916800000000e+10,6.015405987575627583e-02,-2.945538503848506462e+00
1.831599923200000000e+10,5.633377852438797156e-02,1.246846163839458566e+00
1.835499929600000000e+10,5.892314606762590057e-02,-8.615677139076960422e-01
1.839399936000000000e+10,5.567482937314709168e-02,-2.921476103272250491e+00
1.843299942400000000e+10,5.642400273092201823e-02,1.206454440182686882e+00
1.847199948800000000e+10,5.395549376971589539e-02,-8.020850860548340844e-01
1.851099955200000000e+10,5.428574033282098504e-02,-2.968469176207653604e+00
1.854999961600000000e+10,5.247959499085886464e-02,1.280043995186324945e+00
1.858899968000000000e+10,5.101922040522430257e-02,-8.107009757722343224e-01
1.862799974400000000e+10,5.286114142385652664e-02,-2.905585847624634788e+00
1.866699980800000000e+10,4.807648851438448695e-02,1.297568806541459674e+00
1.870599987200000000e+10,5.013980595175290128e-02,-7.593059168793480085e-01
1.874499993600000000e+10,4.868831675409740489e-02,-2.853851836323825886e+00
1.878400000000000000e+10,4.606844874381366833e-02,1.343006262054444289e+00
1.882300006400000000e+10,4.796847882052530931e-02,-6.564516801480662078e-01
1.886200012800000000e+10,4.637901307335230011e-02,-2.817010230144282978e+00
1.890100019200000000e+10,4.573190313947358976e-02,1.451170053382958347e+00
1.894000025600000000e+10,4.503797417040304729e-02,-6.226853467839832401e-01
1.897900032000000000e+10,4.617199899345724584e-02,-2.709090419027671448e+00
1.901800038400000000e+10,4.360569688295335561e-02,1.530813157579943962e+00
1.905700044800000000e+10,4.607356867695428654e-02,-5.372386441558487657e-01
1.909600051200000000e+10,4.459740075100672441e-02,-2.626755340837642727e+00
1.913500057600000000e+10,4.455589616850079426e-02,1.610247441895078735e+00
1.917400064000000000e+10,4.591143021733179452e-02,-4.732878707793665152e-01
1.921300070400000000e+10,4.409658525299867821e-02,-2.531050196634033078e+00
1.925200076800000000e+10,4.711016759880370247e-02,1.673017916081430245e+00
1.929100083200000000e+10,4.497569781300500558e-02,-3.943414540008678970e-01
1.933000089600000000e+10,4.737000372200459580e-02,-2.464888777399190989e+00
1.936900096000000000e+10,4.745806597665534754e-02,1.738889824727484656e+00
1.940799897600000000e+10,4.785242916567428867e-02,-3.527376785217732902e-01
1.944699904000000000e+10,4.860592518286332292e-02,-2.400005208740958906e+00
1.948599910400000000e+10,5.113624397637551999e-02,1.770495875714014566e+00
1.952499916800000000e+10,4.958826790480685975e-02,-3.461563306791761718e-01
1.956399923200000000e+10,5.092196360356004980e-02,-2.369030895914369328e+00
1.960299929600000000e+10,5.346511174055379456e-02,1.717352417545087828e+00
1.964199936000000000e+10,4.915030284683374190e-02,-3.279953801175646277e-01
1.968099942400000000e+10,5.219549270476946806e-02,-2.428609743088908424e+00
1.971999948800000000e+10,5.118758630327201187e-02,1.720693708600479210e+00
1.975899955200000000e+10,4.797208231341729134e-02,-3.821550225099985543e-01
1.979799961600000000e+10,4.826690676859255597e-02,-2.430988296330502951e+00
1.983699968000000000e+10,4.710599553299141262e-02,1.699120900174426074e+00
1.987599974400000000e+10,4.266100608171854991e-02,-3.481068984287042367e-01
1.991499980800000000e+10,4.425964460636830355e-02,-2.276691742348395664e+00
1.995399987200000000e+10,4.213906187057681746e-02,1.763437495697323110e+00
1.999299993600000000e+10,4.012008170520021955e-02,-1.978278623959093818e-01
2.003200000000000000e+10,4.187114889794542327e-02,-2.280890050485372189e+00
2.007100006400000000e+10,4.112816111402578523e-02,1.948172589862002368e+00
2.011000012800000000e+10,4.073720190629757931e-02,-7.586666924258633760e-02
2.014900019200000000e+10,4.414301745858810466e-02,-2.121705755182632380e+00
2.018800025600000000e+10,4.434039600798363179e-02,2.056653078894738584e+00
2.022700032000000000e+10,4.586497630666175329e-02,1.053277579990643652e-03
2.026600038400000000e+10,4.787468661679819548e-02,-2.092046665976814879e+00
2.030500044800000000e+10,4.757085773226733816e-02,2.065731986642567630e+00
2.034400051200000000e+10,4.866509134375675283e-02,1.160058088604044683e-02
2.038300057600000000e+10,4.893901082993805385e-02,-2.110102506078184170e+00
2.042200064000000000e+10,4.964531129625462946e-02,2.086397903767069018e+00
2.046100070400000000e+10,4.891391027241150102e-02,-1.104448502706107185e-02
2.050000076800000000e+10,5.010589691656629902e-02,-2.089027193407403615e+00
2.053900083200000000e+10,4.996567307285424558e-02,2.075169474881269238e+00
2.057800089600000000e+10,4.947721152699043057e-02,-1.364747180935612161e-02
2.061700096000000000e+10,4.993733288181158303e-02,-2.082228041882750791e+00
2.065600102400000000e+10,5.009918932122404273e-02,2.067430110881675720e+00
2.069499904000000000e+10,4.917077042804286757e-02,3.973174189270200531e-03
2.073399910400000000e+10,5.006285744868833182e-02,-2.098200780936611221e+00
2.077299916800000000e+10,4.902503810145616286e-02,2.069926883719639399e+00
2.081199923200000000e+10,4.780724300656357534e-02,-1.092387438082761069e-04
2.085099929600000000e+10,4.883263568500027796e-02,-2.079593098930956341e+00
2.088999936000000000e+10,4.765911108648848704e-02,2.080343559224706151e+00
2.092899942400000000e+10,4.667104254288171467e-02,2.505658255852448446e-02
2.096799948800000000e+10,4.818252191034636672e-02,-2.074197328738550006e+00
2.100699955200000000e+10,4.547375146063557805e-02,2.087071725585522675e+00
2.104599961600000000e+10,4.589363049565982344e-02,4.241446822153900620e-02
2.108499968000000000e+10,4.543297658258284993e-02,-2.082405522208891746e+00
2.112399974400000000e+10,4.411788817749218161e-02,2.140366881805118027e+00
2.116299980800000000e+10,4.425702390591204627e-02,3.354210652128888914e-02
2.120199987200000000e+10,4.326028943277551719e-02,-2.023943619848314501e+00
2.124099993600000000e+10,4.296762093870842153e-02,2.143265421962489814e+00
2.128000000000000000e+10,4.207727085041741005e-02,9.787690022296781367e-02
2.131900006400000000e+10,4.220033428115074758e-02,-2.014666903929413166e+00
2.135800012800000000e+10,4.087097838376204523e-02,2.211661335479456092e+00
2.139700019200000000e+10,4.138353740893243454e-02,1.094996344972945929e-01
2.143600025600000000e+10,3.946395896441072526e-02,-1.956007689944542660e+00
2.147500032000000000e+10,4.061052575381041835e-02,2.266419519790370707e+00
2.151400038400000000e+10,3.900375724080776263e-02,1.265940680815167418e-01
2.155300044800000000e+10,3.819526660503109322e-02,-1.866982807071112527e+00
2.159200051200000000e+10,3.939762912345445844e-02,2.274713321633841545e+00
2.163100057600000000e+10,3.779057455453291303e-02,2.176508930102387940e-01
2.167000064000000000e+10,3.675559178295211005e-02,-1.868914353791254479e+00
2.170900070400000000e+10,3.767605251602081096e-02,2.371554947014551384e+00
2.174800076800000000e+10,3.605690574793250086e-02,2.458791241396633687e-01
2.178700083200000000e+10,3.596198602742443212e-02,-1.773674141305960017e+00
2.182600089600000000e+10,3.652041769248984271e-02,2.420806137550062687e+00
2.186500096000000000e+10,3.499827062190077193e-02,3.041421554606691391e-01
2.190399897600000000e+10,3.462679471852302127e-02,-1.678940269210366321e+00
2.194299904000000000e+10,3.537631277652501099e-02,2.453796012526952897e+00
2.198199910400000000e+10,3.405345017517302092e-02,4.459595659834352244e-01
2.202099916800000000e+10,3.361342339354617820e-02,-1.652985792702178935e+00
2.205999923200000000e+10,3.505520602176917522e-02,2.607695033957474262e+00
2.209899929600000000e+10,3.315525149836891922e-02,4.956417167220333320e-01
2.213799936000000000e+10,3.446762290828053049e-02,-1.524737999974426161e+00
2.217699942400000000e+10,3.368328411474928036e-02,2.681098147846393775e+00
2.221599948800000000e+10,3.479330086351500873e-02,6.120368929400625824e-01
2.225499955200000000e+10,3.461558262726240065e-02,-1.423533217797275485e+00
2.229399961600000000e+10,3.526555870143610605e-02,2.741379723269653290e+00
2.233299968000000000e+10,3.600156561770748165e-02,7.341042131117601066e-01
2.237199974400000000e+10,3.548436779673038582e-02,-1.409269513144322250e+00
2.241099980800000000e+10,3.695275671833888470e-02,2.873699438377600224e+00
2.244999987200000000e+10,3.700076193012743347e-02,7.595970840588596174e-01
2.248899993600000000e+10,3.875339331751482402e-02,-1.320134935912259389e+00
2.252800000000000000e+10,3.756169072078263671e-02,2.904369448039727075e+00
2.256700006400000000e+10,4.041007288758428212e-02,8.086477008142002321e-01
2.260600012800000000e+10,3.955104993416887899e-02,-1.265363573675637898e+00
2.264500019200000000e+10,4.050247515212319210e-02,2.917144774499712767e+00
2.268400025600000000e+10,4.220298460256426826e-02,8.673403775360283285e-01
2.272300032000000000e+10,4.130480322692490353e-02,-1.284553604118044756e+00
2.276200038400000000e+10,4.311536957106260060e-02,2.966143351193323507e+00
2.280100044800000000e+10,4.286829518588305965e-02,8.284079624199589542e-01
2.284000051200000000e+10,4.338667200381554623e-02,-1.264407873144294925e+00
2.287900057600000000e+10,4.350314654859126218e-02,2.949607269152293210e+00
2.291800064000000000e+10,4.422559828897530687e-02,8.062819531861871170e-01
2.295700070400000000e+10,4.328154431530954749e-02,-1.247261722035846176e+00
2.299600076800000000e+10,4.427275160150154210e-02,2.907916657892884338e+00
2.303500083200000000e+10,4.362779136388609397e-02,8.189502672675528228e-01
2.307400089600000000e+10,4.280001240437026483e-02,-1.268889835498545393e+00
2.311300096000000000e+10,4.454300986462051554e-02,2.907058877756665272e+00
2.315200102400000000e+10,4.189170472246401405e-02,8.049272765849162514e-01
2.319099904000000000e+10,4.272063011204663835e-02,-1.270463759179693453e+00
2.322999910400000000e+10,4.246594707504880439e-02,2.908187565058771185e+00
2.326899916800000000e+10,4.066502311243197498e-02,8.078823156351693235e-01
2.330799923200000000e+10,4.111947996435756647e-02,-1.235036478199199372e+00
2.334699929600000000e+10,4.106746889156181329e-02,2.911919154099260165e+00
2.338599936000000000e+10,3.961964589810213627e-02,8.497846435366388507e-01
2.342499942400000000e+10,3.956808459189634780e-02,-1.230274472511950545e+00
2.346399948800000000e+10,3.960355606488220187e-02,2.942703411556222726e+00
2.350299955200000000e+10,3.760847652640026545e-02,8.820969742582365214e-01
2.354199961600000000e+10,3.829239790242053992e-02,-1.193082771078213034e+00
2.358099968000000000e+10,3.761230449343757470e-02,2.999566505206593625e+00
2.361999974400000000e+10,3.702439081409054228e-02,9.187303664718132756e-01
2.365899980800000000e+10,3.640544606027706909e-02,-1.136210076908116040e+00
2.369799987200000000e+10,3.677360501681742333e-02,3.036968692624882671e+00
2.373699993600000000e+10,3.491320729423741387e-02,9.847480306929001781e-01
2.377600000000000000e+10,3.554053178291762677e-02,-1.085244028504794178e+00
2.381500006400000000e+10,3.529570047281335721e-02,3.113249264743485512e+00
2.385400012800000000e+10,3.436309657508787585e-02,1.048229952668661813e+00
2.389300019200000000e+10,3.525234606628897815e-02,-1.010197734206490727e+00
2.393200025600000000e+10,3.434768770309134384e-02,-3.108202784977095234e+00
2.397100032000000000e+10,3.440979813120130515e-02,1.122745864107772551e+00
2.401000038400000000e+10,3.401885682372842584e-02,-9.289527220323117174e-01
2.404900044800000000e+10,3.507327252799277012e-02,-3.039037140934230496e+00
2.408800051200000000e+10,3.343292638821884072e-02,1.218548321117506550e+00
2.412700057600000000e+10,3.554045069725483841e-02,-8.707354784362063560e-01
2.416600064000000000e+10,3.461481908136762597e-02,-2.947464565675641968e+00
2.420500070400000000e+10,3.444319380081962978e-02,1.268444740430580309e+00
2.424400076800000000e+10,3.604071737222487581e-02,-7.777554703079436749e-01
2.428300083200000000e+10,3.526127831787025796e-02,-2.905237925777983676e+00
2.432200089600000000e+10,3.592682650765100655e-02,1.344272076139061411e+00
2.436100096000000000e+10,3.614166286802465017e-02,-7.339920663621650743e-01
2.439999897600000000e+10,3.721596221510609787e-02,-2.855054275665240393e+00
2.443899904000000000e+10,3.577784491767108110e-02,1.402305508909897913e+00
2.447799910400000000e+10,3.849936421279758630e-02,-6.991457133673133484e-01
2.451699916800000000e+10,3.791847199771170018e-02,-2.783545261644909896e+00
2.455599923200000000e+10,3.794569988777057867e-02,1.402129722244066956e+00
2.459499929600000000e+10,3.887645781612501100e-02,-6.457196234570233839e-01
2.463399936000000000e+10,3.876160185373717093e-02,-2.773258085828553376e+00
2.467299942400000000e+10,3.917020040043907303e-02,1.456316394273891035e+00
2.471199948800000000e+10,3.930058782097944903e-02,-6.263428032669744461e-01
2.475099955200000000e+10,4.037811687102591668e-02,-2.730973583900327739e+00
2.478999961600000000e+10,3.969151035374349906e-02,1.486328555009876373e+00
2.482899968000000000e+10,4.114733988204768989e-02,-6.121318992290686323e-01
2.486799974400000000e+10,4.099312068332506415e-02,-2.704465130665550276e+00
2.490699980800000000e+10,4.130702394028861607e-02,1.486629465316248400e+00
2.494599987200000000e+10,4.175944596021004956e-02,-5.941332241308280304e-01
2.498499993600000000e+10,4.230044226039413047e-02,-2.705813892319886005e+00
2.502400000000000000e+10,4.223820747216786714e-02,1.482465608269249779e+00
2.506300006400000000e+10,4.184698379418104464e-02,-6.020967813609100494e-01
2.510200012800000000e+10,4.291868980666618816e-02,-2.707840601095531152e+00
2.514100019200000000e+10,4.166425596798029041e-02,1.483119005395861612e+00
2.518000025600000000e+10,4.265369809502616433e-02,-6.024182644359376004e-01
2.521900032000000000e+10,4.173565237296254782e-02,-2.718608341079433277e+00
2.525800038400000000e+10,4.172370767374920797e-02,1.488258747416926875e+00
2.529700044800000000e+10,4.095855324604794068e-02,-6.125337744302919996e-01
2.533600051200000000e+10,4.097838988298179580e-02,-2.693952483037571621e+00
2.537500057600000000e+10,4.031914625495832544e-02,1.495202180356003385e+00
2.541400064000000000e+10,4.026815466134630456e-02,-5.848020801043128936e-01
2.545300070400000000e+10,3.980830486288190057e-02,-2.687713417218185352e+00
2.549200076800000000e+10,3.935093359589455358e-02,1.528291063031942620e+00
2.553100083200000000e+10,3.926674392045040318e-02,-5.784985381022818007e-01
2.557000089600000000e+10,3.813086570948973075e-02,-2.641691077878105531e+00
2.560900096000000000e+10,3.915944232802527625e-02,1.553797211012726720e+00
2.564800102400000000e+10,3.766186742545614419e-02,-5.340519039532019008e-01
2.568699904000000000e+10,3.848108265772297309e-02,-2.612047645477604707e+00
2.572599910400000000e+10,3.746392247422958288e-02,1.586956432534402106e+00
2.576499916800000000e+10,3.799415774408970020e-02,-4.996854026295263207e-01
2.580399923200000000e+10,3.675629169975615923e-02,-2.579758744821138094e+00
2.584299929600000000e+10,3.774744680203265257e-02,1.628753035907036795e+00
2.588199936000000000e+10,3.651017230121457458e-02,-4.708039547857689189e-01
2.592099942400000000e+10,3.660669991188277711e-02,-2.533541010183987918e+00
2.595999948800000000e+10,3.657300161243276504e-02,1.660732114572706752e+00
2.599899955200000000e+10,3.623629770574509495e-02,-4.126833926364431582e-01
2.603799961600000000e+10,3.620585992898618655e-02,-2.508451145429031470e+00
2.607699968000000000e+10,3.577223518071422775e-02,1.731553306658883740e+00
2.611599974400000000e+10,3.698648323357172502e-02,-3.955132611888663163e-01
2.615499980800000000e+10,3.477681705418687874e-02,-2.447111978197110460e+00
2.619399987200000000e+10,3.670274163413116825e-02,1.748743837441346427e+00
2.623299993600000000e+10,3.521359143196938629e-02,-3.357799808850829848e-01
2.627200000000000000e+10,3.562628992822143570e-02,-2.418267267703700263e+00
2.631100006400000000e+10,3.564377480894094508e-02,1.802465350748225115e+00
2.635000012800000000e+10,3.559611084817363574e-02,-3.153629075473536880e-01
2.638900019200000000e+10,3.429435259189075186e-02,-2.374863681231112356e+00
2.642800025600000000e+10,3.527783465071199220e-02,1.859304954093021101e+00
2.646700032000000000e+10,3.542318682949426728e-02,-2.814457531369554677e-01
2.650600038400000000e+10,3.370090818468427646e-02,-2.280218764397393461e+00
2.654500044800000000e+10,3.655893878954470655e-02,1.867497669586118958e+00
2.658400051200000000e+10,3.397530695805200951e-02,-2.211023904072853263e-01
2.662300057600000000e+10,3.427511490244686959e-02,-2.280991779097889527e+00
2.666200064000000000e+10,3.521209518696496316e-02,1.939721145287737647e+00
2.670100070400000000e+10,3.391739290256343825e-02,-1.924330319520620447e-01
2.674000076800000000e+10,3.403060047580896280e-02,-2.180578037496001098e+00
2.677900083200000000e+10,3.569375247332120388e-02,1.966980617008562193e+00
2.681800089600000000e+10,3.449293997861785366e-02,-1.237526862051487042e-01
2.685700096000000000e+10,3.402836482222205972e-02,-2.147124505278205753e+00
2.689599897600000000e+10,3.624559782323516499e-02,1.995139951540697787e+00
2.693499904000000000e+10,3.327510349962811698e-02,-4.451516980546853935e-02
2.697399910400000000e+10,3.584141506903359281e-02,-2.100635072053766095e+00
2.701299916800000000e+10,3.637120434841759758e-02,2.067402822887322689e+00
2.705199923200000000e+10,3.495929538169804951e-02,-4.048983534033472054e-02
2.709099929600000000e+10,3.650900876737259160e-02,-2.059588542869020600e+00
2.712999936000000000e+10,3.610498332984683062e-02,2.062591606835932456e+00
2.716899942400000000e+10,3.626274092518353559e-02,3.029423346810687298e-02
2.720799948800000000e+10,3.604636363101235141e-02,-2.056951497822435471e+00
2.724699955200000000e+10,3.822829677915760838e-02,2.121710671681280580e+00
2.728599961600000000e+10,3.559078004888256708e-02,4.821846943886538839e-02
2.732499968000000000e+10,3.854195148506320279e-02,-2.032534960755531639e+00
2.736399974400000000e+10,3.675798267643715089e-02,2.156383597668130925e+00
2.740299980800000000e+10,3.813619436493857068e-02,5.257617671688764177e-02
2.744199987200000000e+10,3.723004355307637375e-02,-2.001692640700476922e+00
2.748099993600000000e+10,3.750852658691773700e-02,2.166426531225681185e+00
2.752000000000000000e+10,3.923288644979016498e-02,9.584224532146913555e-02
2.755900006400000000e+10,3.593857962631835656e-02,-2.017755286527576519e+00
2.759800012800000000e+10,3.952328316370063571e-02,2.219342864370230650e+00
2.763700019200000000e+10,3.657583122996523745e-02,1.000036531676097851e-01
2.767600025600000000e+10,3.875731559268543597e-02,-1.986230149278529700e+00
2.771500032000000000e+10,3.682246937747568616e-02,2.249411872922259192e+00
2.775400038400000000e+10,3.947366179912208117e-02,9.249912927362284598e-02
2.779300044800000000e+10,3.603281518901050445e-02,-1.938381360702625011e+00
2.783200051200000000e+10,3.824773769975056692e-02,2.254111815810420971e+00
2.787100057600000000e+10,3.909211293681394417e-02,1.495619864209760119e-01
2.791000064000000000e+10,3.581449051892517110e-02,-1.939969441799141991e+00
2.794900070400000000e+10,3.940423955253240240e-02,2.283627218799897829e+00
2.798800076800000000e+10,3.677956307796771684e-02,1.816011471018195711e-01
2.802700083200000000e+10,3.817545720426418487e-02,-1.928025330424753658e+00
2.806600089600000000e+10,3.736427881706497894e-02,2.330000992610194999e+00
2.810500096000000000e+10,3.853232136025213500e-02,1.639894260564198625e-01
2.814400102400000000e+10,3.751489894185247587e-02,-1.855081510346145768e+00
2.818299904000000000e+10,3.811102456484120188e-02,2.298341462010914160e+00
2.822199910400000000e+10,3.902291351517295226e-02,2.129365199852951696e-01
2.826099916800000000e+10,3.707688402389263532e-02,-1.875867089303586255e+00
2.829999923200000000e+10,3.825924421927243829e-02,2.302935112297986642e+00
2.833899929600000000e+10,3.793945567178404199e-02,2.736041142092736633e-01
2.837799936000000000e+10,3.836755296715999020e-02,-1.904471797587615534e+00
2.841699942400000000e+10,3.787748999545223483e-02,2.357431794734402786e+00
2.845599948800000000e+10,3.689899162228942736e-02,2.288815076599252651e-01
2.849499955200000000e+10,3.871788002694568492e-02,-1.837959332302411708e+00
2.853399961600000000e+10,3.589230274442808261e-02,2.358263792355367539e+00
2.857299968000000000e+10,3.913166663097659287e-02,2.708856564816645718e-01
2.861199974400000000e+10,3.668145490160144156e-02,-1.830923314125771251e+00
2.865099980800000000e+10,3.703531787014183174e-02,2.357465763032518868e+00
2.868999987200000000e+10,3.795373437376890757e-02,3.105626705222450101e-01
2.872899993600000000e+10,3.619127902326804702e-02,-1.848427809099223440e+00
2.876800000000000000e+10,3.748647089244855346e-02,2.414162784818731922e+00
2.880700006400000000e+10,3.612521156656769289e-02,2.949324560707916043e-01
2.884600012800000000e+10,3.780035548500084580e-02,-1.792009703145055699e+00
2.888500019200000000e+10,3.593595557601797497e-02,2.412741245311515570e+00
2.892400025600000000e+10,3.766352707872155231e-02,2.898035382052475684e-01
2.896300032000000000e+10,3.535629308382916280e-02,-1.762698819096036651e+00
2.900200038400000000e+10,3.701891858429226523e-02,2.397856019318233667e+00
2.904100044800000000e+10,3.569060693551682345e-02,3.418845818469267717e-01
2.908000051200000000e+10,3.584640319092335936e-02,-1.778093227996093484e+00
2.911900057600000000e+10,3.584428093466394960e-02,2.430688715580457071e+00
2.915800064000000000e+10,3.445536169077125649e-02,3.338943952225461032e-01
2.919700070400000000e+10,3.522562968867953143e-02,-1.744217942367520591e+00
2.923600076800000000e+10,3.422421692658519921e-02,2.447237415193167731e+00
2.927500083200000000e+10,3.410879358251339699e-02,3.583884717459103753e-01
2.931400089600000000e+10,3.391495761959673061e-02,-1.701566636696208334e+00
2.935300096000000000e+10,3.388979175995348453e-02,2.450681613763395106e+00
2.939199897600000000e+10,3.279680671561052696e-02,4.274470427848314769e-01
2.943099904000000000e+10,3.414133379282788955e-02,-1.712845436742369110e+00
2.946999910400000000e+10,3.217215101924947307e-02,2.519860126141316936e+00
2.950899916800000000e+10,3.326412778284820737e-02,4.335598164159810697e-01
2.954799923200000000e+10,3.285129427982243916e-02,-1.667918340008907041e+00
2.958699929600000000e+10,3.174733814235421170e-02,2.545964461285571634e+00
2.962599936000000000e+10,3.285648931860456895e-02,4.921418997765708570e-01
2.966499942400000000e+10,3.335154058841358071e-02,-1.635643114684624200e+00
2.970399948800000000e+10,3.172570169896016257e-02,2.573221696968285066e+00
2.974299955200000000e+10,3.372269501876454245e-02,5.282141158058892838e-01
2.978199961600000000e+10,3.306921781031382096e-02,-1.657715814246620845e+00
2.982099968000000000e+10,3.136913100190760750e-02,2.627315352186000208e+00
2.985999974400000000e+10,3.400139399008954288e-02,5.211501061672749735e-01
2.989899980800000000e+10,3.306313799419803579e-02,-1.610511348318351521e+00
2.993799987200000000e+10,3.218731336869032345e-02,2.626070941051451779e+00
2.997699993600000000e+10,3.445453931705032280e-02,5.301859934356053516e-01
3.001600000000000000e+10,3.305076577116530107e-02,-1.632586523463086081e+00
3.005500006400000000e+10,3.170732787321150353e-02,2.626605355537824149e+00
3.009400012800000000e+10,3.370874231926368481e-02,5.130383472559196800e-01
3.013300019200000000e+10,3.176354853379823734e-02,-1.608042607116092038e+00
3.017200025600000000e+10,3.164182620973483850e-02,2.631399542733319219e+00
3.021100032000000000e+10,3.238982455623792833e-02,5.193461701028565525e-01
3.025000038400000000e+10,3.149499316338404131e-02,-1.587296514155037697e+00
3.028900044800000000e+10,3.067474987045493151e-02,2.628213458049958984e+00
3.032800051200000000e+10,3.120995539315701492e-02,5.493626294310253177e-01
3.036700057600000000e+10,3.089235459905897638e-02,-1.553771223258502809e+00
3.040600064000000000e+10,3.066747599094703583e-02,2.655010934686712343e+00
3.044500070400000000e+10,3.068118668121160367e-02,5.811492303926162339e-01
3.048400076800000000e+10,3.158104272045509503e-02,-1.525954956363529735e+00
3.052300083200000000e+10,3.065969404621732633e-02,2.660711456289642562e+00
3.056200089600000000e+10,3.109948678271839614e-02,5.914016767004821595e-01
3.060100096000000000e+10,3.242282577174279701e-02,-1.523061453416834965e+00
3.064000102400000000e+10,3.125733537416022084e-02,2.641956433672065785e+00
3.067899904000000000e+10,3.211249361377210843e-02,5.644721086532465959e-01
3.071799910400000000e+10,3.279820516042421252e-02,-1.580040260966360188e+00
3.075699916800000000e+10,3.124519002222746547e-02,2.560714137484612962e+00
3.079599923200000000e+10,3.151590007666914273e-02,4.936008882619662419e-01
3.083499929600000000e+10,3.134718933830549920e-02,-1.697521025037642906e+00
3.087399936000000000e+10,2.919954385799362201e-02,2.489788693768811623e+00
3.091299942400000000e+10,2.837399043661080478e-02,3.783167844451048034e-01
3.095199948800000000e+10,2.762890807508963653e-02,-1.756036158184657081e+00
3.099099955200000000e+10,2.480926690916774799e-02,2.444004227019384690e+00
3.102999961600000000e+10,2.472182418907270876e-02,3.655904868226339532e-01
3.106899968000000000e+10,2.370423909744871424e-02,-1.724820493415688327e+00
3.110799974400000000e+10,2.198620245290852301e-02,2.461375901995969340e+00
3.114699980800000000e+10,2.248446990329049794e-02,4.324397715694648370e-01
3.118599987200000000e+10,2.118389214652051031e-02,-1.712235626269625222e+00
3.122499993600000000e+10,2.103379033914935456e-02,2.534210916202702890e+00
3.126400000000000000e+10,2.014614994313858320e-02,4.188019032303899047e-01
3.130300006400000000e+10,2.033417446990239824e-02,-1.679468755819385262e+00
3.134200012800000000e+10,1.872219990182288560e-02,2.515917430561271040e+00
3.138100019200000000e+10,1.867403696923716078e-02,4.088501977052002578e-01
3.142000025600000000e+10,1.775563383578696725e-02,-1.673885014088124734e+00
3.145900032000000000e+10,1.631793854797565849e-02,2.486672627050327655e+00
3.149800038400000000e+10,1.613839014537118977e-02,4.558152294205338184e-01
3.153700044800000000e+10,1.469809732675897429e-02,-1.678012168088422573e+00
3.157600051200000000e+10,1.417551669238792042e-02,2.561809144039924657e+00
3.161500057600000000e+10,1.285382392703782878e-02,5.135765646563321685e-01
3.165400064000000000e+10,1.299405571984606732e-02,-1.572112769685145572e+00
3.169300070400000000e+10,1.130619943446622283e-02,2.691612334429947850e+00
3.173200076800000000e+10,1.170224924474854745e-02,6.461399568124680526e-01
3.177100083200000000e+10,1.104079987330119396e-02,-1.402090332359071878e+00
3.181000089600000000e+10,1.029569133632094943e-02,2.818346927568377680e+00
3.184900096000000000e+10,1.062716293629023881e-02,8.486801134190079532e-01
3.188799897600000000e+10,1.011807975716846886e-02,-1.287461096996986631e+00
3.192699904000000000e+10,1.004193358009704273e-02,2.995779059458101301e+00
3.196599910400000000e+10,9.734266107467822934e-03,9.351684051658056829e-01
3.200499916800000000e+10,9.877713474676804578e-03,-1.184317083310763685e+00
3.204399923200000000e+10,8.728944892475340792e-03,3.098502041195642320e+00
3.208299929600000000e+10,9.187659596183358687e-03,1.010532671509508429e+00
3.212199936000000000e+10,8.429574619801908156e-03,-1.029241995572301560e+00
3.216099942400000000e+10,7.905030385900665979e-03,-3.097087386340414916e+00
3.219999948800000000e+10,7.927530632146868178e-03,1.213824520762883274e+00
3.223899955200000000e+10,7.338365153567812452e-03,-8.829467554559677911e-01
3.227799961600000000e+10,7.322629075158469496e-03,-2.850340639122885378e+00
3.231699968000000000e+10,7.068063428616338899e-03,1.390858047184320156e+00
3.235599974400000000e+10,7.261523970667427275e-03,-6.462469496846348083e-01
3.239499980800000000e+10,6.984174128602278243e-03,-2.648914871005800364e+00
3.243399987200000000e+10,7.178773866660994110e-03,1.558290574947553964e+00
3.247299993600000000e+10,7.174618068445350744e-03,-4.663768928291688320e-01
3.251200000000000000e+10,6.823117395615541265e-03,-2.595271725895010206e+00
3.255100006400000000e+10,6.775527981511319207e-03,1.678598132445912494e+00
3.259000012800000000e+10,6.238976328034739373e-03,-4.507842345353694213e-01
3.262900019200000000e+10,5.763984094110762360e-03,-2.490545816762133047e+00
3.266800025600000000e+10,4.854150448466475545e-03,1.755077148767669293e+00
3.270700032000000000e+10,4.330877538498226383e-03,-2.412767123985810336e-01
3.274600038400000000e+10,3.281501767443917479e-03,-2.157391343880433077e+00
3.278500044800000000e+10,2.686566151955191960e-03,2.467415759130380692e+00
3.282400051200000000e+10,3.047298494228707806e-03,9.327030029024557800e-01
3.286300057600000000e+10,4.075071411813127424e-03,-8.122785952471771598e-01
3.290200064000000000e+10,5.916369423808157287e-03,-2.655574872525612751e+00
3.294100070400000000e+10,8.359903897081020704e-03,1.566723245515118990e+00
3.298000076800000000e+10,1.089881700345218460e-02,-5.126749516592093991e-01
3.301900083200000000e+10,1.365840994217742965e-02,-2.614148617987417378e+00
3.305800089600000000e+10,1.777547349446722755e-02,1.510044059097101599e+00
3.309700096000000000e+10,2.004904991692289112e-02,-6.766415510867019867e-01
3.313600102400000000e+10,2.414687759454401186e-02,-2.827851326842660384e+00
3.317499904000000000e+10,2.680280840308997548e-02,1.235211280722951832e+00
3.321399910400000000e+10,2.929490635957061190e-02,-9.474317259510608435e-01
3.325299916800000000e+10,3.151204792374295849e-02,-3.111140026230755584e+00
3.329199923200000000e+10,3.399262389092661679e-02,9.532102525090818679e-01
3.333099929600000000e+10,3.456088254617190741e-02,-1.203218534591654842e+00
3.336999936000000000e+10,3.571788491542535887e-02,2.881151364039763685e+00
3.340899942400000000e+10,3.632059905016388202e-02,7.262847882821868994e-01
3.344799948800000000e+10,3.530453132475784572e-02,-1.433561502872936488e+00
3.348699955200000000e+10,3.661826246527044582e-02,2.701402542629169012e+00
3.352599961600000000e+10,3.479085125439787540e-02,5.714286055804204123e-01
3.356499968000000000e+10,3.613268217977765734e-02,-1.586908923150205819e+00
3.360399974400000000e+10,3.431486808572772884e-02,2.594052524169534468e+00
3.364299980800000000e+10,3.446832018459166508e-02,4.294692673868610311e-01
3.368199987200000000e+10,3.409348277113508074e-02,-1.651737154216076586e+00
3.372099993600000000e+10,3.217654943730294953e-02,2.475747031770239470e+00
3.376000000000000000e+10,3.331759317855537139e-02,4.123066857895575366e-01
3.379900006400000000e+10,3.113753547455188481e-02,-1.725973609332682734e+00
3.383800012800000000e+10,3.197015015767716573e-02,2.464826309647717650e+00
3.387700019200000000e+10,3.090284648714315338e-02,3.887249082169406678e-01
3.391600025600000000e+10,3.063626655607781801e-02,-1.778508835505595576e+00
3.395500032000000000e+10,2.997120805116058190e-02,2.498096118875830385e+00
3.399400038400000000e+10,2.980911119629495870e-02,3.193104717963947126e-01
3.403300044800000000e+10,3.030685354849435229e-02,-1.727392264031877511e+00
3.407200051200000000e+10,2.772878440644820780e-02,2.412972737552844027e+00
3.411100057600000000e+10,2.996240614333101418e-02,3.523471578179915298e-01
3.415000064000000000e+10,2.630781579741894166e-02,-1.778602444454950637e+00
3.418900070400000000e+10,2.793371951330378758e-02,2.433566242584351169e+00
3.422800076800000000e+10,2.572281661040436845e-02,3.481980882182081904e-01
3.426700083200000000e+10,2.504923051201563347e-02,-1.782523823419245312e+00
3.430600089600000000e+10,2.400553181296643385e-02,2.502862187643830616e+00
3.434500096000000000e+10,2.276858782565454459e-02,3.769501918789585071e-01
3.438399897600000000e+10,2.314270266940487292e-02,-1.626431526587464482e+00
3.442300108800000000e+10,2.026615599222001199e-02,2.576446159283245496e+00
3.446199910400000000e+10,2.206555227859063537e-02,6.176220712417856973e-01
3.450100121600000000e+10,2.017113791136091946e-02,-1.425308538447569662e+00
3.453999923200000000e+10,2.246069365142567761e-02,2.861521436071601254e+00
3.457900134400000000e+10,2.226070813368926510e-02,8.914831234581731545e-01
3.461799936000000000e+10,2.579947541965871977e-02,-1.200639276753410423e+00
3.465700147200000000e+10,2.680966043886257033e-02,3.086850538451896941e+00
3.469599948800000000e+10,3.028856323680417448e-02,9.695490513190061499e-01
3.473500160000000000e+10,3.437258154129439747e-02,-1.134682955816381567e+00
3.477399961600000000e+10,3.284884045666340568e-02,2.987527933712343930e+00
3.481300172800000000e+10,3.816255945289110524e-02,9.334375808651231843e-01
3.485199974400000000e+10,3.705602832833103377e-02,-1.261620384493318925e+00
3.489100185600000000e+10,3.941637988478227661e-02,2.892761652688597973e+00
3.492999987200000000e+10,3.809865071185436491e-02,8.359784814609396708e-01
3.496900198400000000e+10,4.100327863616414631e-02,-1.376306405099617214e+00
3.500800000000000000e+10,3.856526142058167017e-02,2.883910185899453360e+00
3.504699801600000000e+10,4.085546824903906610e-02,7.214218180418063842e-01
3.508600012800000000e+10,4.172704156430546985e-02,-1.371151727410370391e+00
3.512499814400000000e+10,3.908626470615043230e-02,2.788069267629631920e+00
3.516400025600000000e+10,4.302479853752633893e-02,7.116705470422054480e-01
3.520299827200000000e+10,4.066743921390535838e-02,-1.427211903516644398e+00
3.524200038400000000e+10,4.242429452909367987e-02,2.728605525097397067e+00
3.528099840000000000e+10,4.114246908033044464e-02,6.674743090442349924e-01
3.532000051200000000e+10,4.218287482762585194e-02,-1.503153812940515310e+00
3.535899852800000000e+10,4.266659577551809579e-02,2.714977397630319977e+00
3.539800064000000000e+10,4.092653510075447421e-02,5.382721862642776411e-01
3.543699865600000000e+10,4.212792822450220354e-02,-1.532187239121756805e+00
3.547600076800000000e+10,3.953104173691210366e-02,2.610434713663475126e+00
3.551499878400000000e+10,3.997842225104077801e-02,5.041935918598042798e-01
3.555400089600000000e+10,3.826243655990096970e-02,-1.567783819591310968e+00
3.559299891200000000e+10,3.807165773223241539e-02,2.558871562307790892e+00
3.563200102400000000e+10,3.596087612929456390e-02,5.303514185116817714e-01
3.567099904000000000e+10,3.633592372555859151e-02,-1.576670014632829186e+00
3.571000115200000000e+10,3.641005367638892876e-02,2.584339675682457038e+00
3.574899916800000000e+10,3.311887080201944555e-02,5.419694213192408627e-01
3.578800128000000000e+10,3.578194942764717501e-02,-1.548371828242168124e+00
3.582699929600000000e+10,3.321624841549303264e-02,2.656683512752045839e+00
3.586600140800000000e+10,3.371116351109532117e-02,5.744495114643526357e-01
3.590499942400000000e+10,3.456414908103060818e-02,-1.471943414868765121e+00
3.594400153600000000e+10,3.303795213270944997e-02,2.662188139302840817e+00
3.598299955200000000e+10,3.390950452545023197e-02,6.728284007618111628e-01
3.602200166400000000e+10,3.465678426218887775e-02,-1.470802907261625991e+00
3.606099968000000000e+10,3.362292460000538413e-02,2.707386754234469173e+00
3.610000179200000000e+10,3.325937531090798760e-02,7.231432224206705284e-01
3.613899980800000000e+10,3.544658684973640839e-02,-1.442838979105918851e+00
3.617800192000000000e+10,3.459144437500995262e-02,2.832107723346259487e+00
3.621699993600000000e+10,3.629168955541169084e-02,6.737022525323883571e-01
3.625599795200000000e+10,3.721970922659775111e-02,-1.377907791282283689e+00
3.629500006400000000e+10,3.579775545763505540e-02,2.740272887154961090e+00
3.633399808000000000e+10,3.722172899377301086e-02,7.035614204370113089e-01
3.637300019200000000e+10,3.662159057959070430e-02,-1.439896795810799768e+00
3.641199820800000000e+10,3.674381812010864279e-02,2.729515326877720582e+00
3.645100032000000000e+10,3.572974072732001960e-02,6.810716031680433824e-01
3.648999833600000000e+10,3.709929176490284891e-02,-1.471133886563530391e+00
3.652900044800000000e+10,3.686771834386839974e-02,2.737077010264077348e+00
3.656799846400000000e+10,3.418854824996315350e-02,5.782934794790004496e-01
3.660700057600000000e+10,3.588627233780019438e-02,-1.416225798275774217e+00
3.664599859200000000e+10,3.378149208076011017e-02,2.675325004155319597e+00
3.668500070400000000e+10,3.453494373458002725e-02,6.788801535947445176e-01
3.672399872000000000e+10,3.463253038308448939e-02,-1.446195626945142809e+00
3.676300083200000000e+10,3.504504499716802612e-02,2.685523163310993944e+00
3.680199884800000000e+10,3.194503021012810862e-02,6.626117512278283384e-01
3.684100096000000000e+10,3.475657069882495676e-02,-1.460827645193385926e+00
3.687999897600000000e+10,3.284484550073766412e-02,2.714568360296187421e+00
3.691900108800000000e+10,3.091073993835324538e-02,6.241758740372850278e-01
3.695799910400000000e+10,3.318249972172235968e-02,-1.403342956800388119e+00
3.699700121600000000e+10,3.036105121364474080e-02,2.700982966641388483e+00
3.703599923200000000e+10,3.110674951589276899e-02,7.106333107104435554e-01
3.707500134400000000e+10,3.037313555440415008e-02,-1.411264194219204571e+00
3.711399936000000000e+10,3.096546642602474031e-02,2.761013084997152145e+00
3.715300147200000000e+10,2.815149112016026092e-02,7.474462667708948738e-01
3.719199948800000000e+10,3.106667276940132394e-02,-1.354889372068125875e+00
3.723100160000000000e+10,2.944875244831123701e-02,2.872548048553579481e+00
3.726999961600000000e+10,2.950131343514790852e-02,7.493795508669043315e-01
3.730900172800000000e+10,3.004321783389133152e-02,-1.244659449904242932e+00
3.734799974400000000e+10,3.002336352150312623e-02,2.884939727499324036e+00
3.738700185600000000e+10,3.098029126647202161e-02,8.519049205458677498e-01
3.742599987200000000e+10,3.014192048168223143e-02,-1.239322267092243912e+00
3.746500198400000000e+10,3.287514083403525467e-02,2.944399582847303076e+00
3.750400000000000000e+10,3.042421233630467070e-02,8.773889737679005929e-01
3.754299801600000000e+10,3.312361477272963983e-02,-1.219695971955173208e+00
3.758200012800000000e+10,3.362901123306730883e-02,3.006630281209766498e+00
3.762099814400000000e+10,3.347204024698821612e-02,8.042186091697238748e-01
3.766000025600000000e+10,3.324840485420755415e-02,-1.164490245383625888e+00
3.769899827200000000e+10,3.540952199178960813e-02,2.922255875429503380e+00
3.773800038400000000e+10,3.441338033093624404e-02,8.528034704127213095e-01
3.777699840000000000e+10,3.367794480023054982e-02,-1.232917774701514979e+00
3.781600051200000000e+10,3.680353272526364766e-02,2.924344316828055845e+00
3.785499852800000000e+10,3.308536240911100212e-02,8.192073820838322584e-01
3.789400064000000000e+10,3.508509772050328462e-02,-1.262635972580729904e+00
3.793299865600000000e+10,3.519727918036098108e-02,2.929699917816729560e+00
3.797200076800000000e+10,3.338338262773622722e-02,7.668339417400017455e-01
3.801099878400000000e+10,3.441459197208632248e-02,-1.220138418782072742e+00
3.805000089600000000e+10,3.435243390396368335e-02,2.862267424035981112e+00
3.808899891200000000e+10,3.426026414530778524e-02,8.256491735057367443e-01
3.812800102400000000e+10,3.324837995862237050e-02,-1.300665427947814701e+00
3.816699904000000000e+10,3.438289926637916327e-02,2.892613041276531405e+00
3.820600115200000000e+10,3.268246936997432767e-02,8.188854141036854273e-01
3.824499916800000000e+10,3.431949888065083387e-02,-1.302847583558558675e+00
3.828400128000000000e+10,3.338875653780407765e-02,2.914214788585977267e+00
3.832299929600000000e+10,3.358988037578730657e-02,7.886624363566265838e-01
3.836200140800000000e+10,3.450356880839843682e-02,-1.286926272712199060e+00
3.840099942400000000e+10,3.314880944182543171e-02,2.877935216706317245e+00
3.844000153600000000e+10,3.549232901392253975e-02,7.830826637092097586e-01
3.847899955200000000e+10,3.285114908932906114e-02,-1.342393710087324221e+00
3.851800166400000000e+10,3.516019897966173730e-02,2.862001342760322142e+00
3.855699968000000000e+10,3.427688265523018418e-02,7.456580276853049805e-01
3.859600179200000000e+10,3.461629544876089482e-02,-1.413154173629026511e+00
3.863499980800000000e+10,3.424695525752839004e-02,2.804588555031370944e+00
3.867400192000000000e+10,3.350142320653323735e-02,6.171132142425418410e-01
3.871299993600000000e+10,3.340324776517042404e-02,-1.444828133138461812e+00
3.875200204800000000e+10,3.264839744309492447e-02,2.694336098624494635e+00
3.879100006400000000e+10,3.249584185569959205e-02,5.165604038181433877e-01
3.882999808000000000e+10,2.871038505547339817e-02,-1.521459617367369122e+00
3.886900019200000000e+10,3.084502092573413595e-02,2.601015115825580093e+00
3.890799820800000000e+10,2.746099062707989952e-02,5.089709392344898831e-01
3.894700032000000000e+10,2.634687210657650144e-02,-1.630047872853798374e+00
3.898599833600000000e+10,2.572169316857344373e-02,2.608309307107230968e+00
3.902500044800000000e+10,2.298977147460226286e-02,4.449182796106194715e-01
3.906399846400000000e+10,2.304172607555938709e-02,-1.551335177248848396e+00
3.910300057600000000e+10,2.190810732632189270e-02,2.602956346070706140e+00
3.914199859200000000e+10,2.109616255227162937e-02,4.934442217779522188e-01
3.918100070400000000e+10,1.925236776645016315e-02,-1.510079462393888239e+00
3.921999872000000000e+10,1.980982686095584394e-02,2.647921525227662443e+00
3.925900083200000000e+10,1.838963507733880343e-02,6.033120454431748492e-01
3.929799884800000000e+10,1.745788111973083784e-02,-1.509894082595258480e+00
3.933700096000000000e+10,1.701408598838014333e-02,2.776394250454730539e+00
3.937599897600000000e+10,1.642353760175960936e-02,6.556716383776158841e-01
3.941500108800000000e+10,1.618543105306301244e-02,-1.408065320312933189e+00
3.945399910400000000e+10,1.467724482678795309e-02,2.814696322954784780e+00
3.949300121600000000e+10,1.492810780903476749e-02,7.491636667630398039e-01
3.953199923200000000e+10,1.275796651751716707e-02,-1.310052682716672523e+00
3.957100134400000000e+10,1.292103820554257008e-02,3.022782750811729535e+00
3.960999936000000000e+10,1.308825387327479037e-02,9.733042006043493011e-01
3.964900147200000000e+10,1.242422876459929951e-02,-1.090153975328824298e+00
3.968799948800000000e+10,1.265876847349011944e-02,-3.022068446524599494e+00
3.972700160000000000e+10,1.371149319703312414e-02,1.163749255586091991e+00
3.976599961600000000e+10,1.333949355706805055e-02,-8.836414125865436064e-01
3.980500172800000000e+10,1.377248825476073621e-02,-2.888077124832001186e+00
3.984399974400000000e+10,1.539549973753923107e-02,1.301485688858013523e+00
3.988300185600000000e+10,1.459551647482358258e-02,-8.038635697934036761e-01
3.992199987200000000e+10,1.590991924839012944e-02,-2.823477890260729151e+00
3.996100198400000000e+10,1.636180911357274989e-02,1.304838878356294307e+00
4.000000000000000000e+10,1.624050146118711721e-02,-8.062176683516982800e-01
