7.000000000000000000e+09,5.458336539550001643e-01,1.276892873531157546e+00
7.008000000000000000e+09,5.457949065508386211e-01,1.249887692769362513e+00
7.016000000000000000e+09,5.460779142122939023e-01,1.222182017092070527e+00
7.024000000000000000e+09,5.463315044970394885e-01,1.195901795529113576e+00
7.032000000000000000e+09,5.467754658461088102e-01,1.165896921952164877e+00
7.040000000000000000e+09,5.475193887977731766e-01,1.137764029108220276e+00
7.048000000000000000e+09,5.476032039527171102e-01,1.109730263945875262e+00
7.056000000000000000e+09,5.480348874816666216e-01,1.081479962435370590e+00
7.064000000000000000e+09,5.485421602622356785e-01,1.052623762305606947e+00
7.072000000000000000e+09,5.490035012202143516e-01,1.023828329701884421e+00
7.080000000000000000e+09,5.495429493721577519e-01,9.951054710928540770e-01
7.088000000000000000e+09,5.494460350313139507e-01,9.663527038397686786e-01
7.096000000000000000e+09,5.493590731175309605e-01,9.372135013071334342e-01
7.104000000000000000e+09,5.496700741228406351e-01,9.085772475951360283e-01
7.112000000000000000e+09,5.503752282100935478e-01,8.799828365752858650e-01
7.120000000000000000e+09,5.507543564930720281e-01,8.517420079798423416e-01
7.128000000000000000e+09,5.506758834384354317e-01,8.231174066808709666e-01
7.136000000000000000e+09,5.508914985065770376e-01,7.948002773995642700e-01
7.144000000000000000e+09,5.511570830019509870e-01,7.664191419529837734e-01
7.152000000000000000e+09,5.514341921973582306e-01,7.374491321196431359e-01
7.160000000000000000e+09,5.519254357857759086e-01,7.083870687865529980e-01
7.168000000000000000e+09,5.520179960927592555e-01,6.801267671816993987e-01
7.176000000000000000e+09,5.519866504633582638e-01,6.509997435021672718e-01
7.184000000000000000e+09,5.520370514859217481e-01,6.219708073492997702e-01
7.192000000000000000e+09,5.521742117913948089e-01,5.918823787512422774e-01
7.200000000000000000e+09,5.519231684567316165e-01,5.622834944097850896e-01
7.208000000000000000e+09,5.517951061362019738e-01,5.332838215282342809e-01
7.216000000000000000e+09,5.515303384734580039e-01,5.040442608204226405e-01
7.224000000000000000e+09,5.510978154974592869e-01,4.754053250193554514e-01
7.232000000000000000e+09,5.502513578832823882e-01,4.470684766029539015e-01
7.240000000000000000e+09,5.507099090952283227e-01,4.167498709630710896e-01
7.248000000000000000e+09,5.503332369774894817e-01,3.884912244937378523e-01
7.256000000000000000e+09,5.500615371504551376e-01,3.594511411341697049e-01
7.264000000000000000e+09,5.498168127429928775e-01,3.302276410389982098e-01
7.272000000000000000e+09,5.495167077930548372e-01,3.009800907577431794e-01
7.280000000000000000e+09,5.490523116268621884e-01,2.715784491235729847e-01
7.288000000000000000e+09,5.485031873448673601e-01,2.424437842633145879e-01
7.296000000000000000e+09,5.478630879479534643e-01,2.132501036489969082e-01
7.304000000000000000e+09,5.470966513967047140e-01,1.846167930338384333e-01
7.312000000000000000e+09,5.463156349590395644e-01,1.555032438087997348e-01
7.320000000000000000e+09,5.460151137165748514e-01,1.256848940365384304e-01
7.328000000000000000e+09,5.452516481460949471e-01,9.695321539114555576e-02
7.336000000000000000e+09,5.444004536346573886e-01,6.771812383262101886e-02
7.344000000000000000e+09,5.436745929724771109e-01,3.960595211137259153e-02
7.352000000000000000e+09,5.430594761628964040e-01,1.134309465449190486e-02
7.360000000000000000e+09,5.424121643486008448e-01,-1.762897916800763506e-02
7.368000000000000000e+09,5.417574893959817839e-01,-4.570418466715633204e-02
7.376000000000000000e+09,5.411699295202158089e-01,-7.332046956095765455e-02
7.384000000000000000e+09,5.404562978475312418e-01,-1.012472462860001532e-01
7.392000000000000000e+09,5.396317648170889658e-01,-1.304143971063629337e-01
7.400000000000000000e+09,5.388841280558306357e-01,-1.598913807646485108e-01
7.408000000000000000e+09,5.382304880668149494e-01,-1.881553543518710847e-01
7.416000000000000000e+09,5.374974455482575131e-01,-2.164074501660432914e-01
7.424000000000000000e+09,5.368458357571000983e-01,-2.447421803635505821e-01
7.432000000000000000e+09,5.358554974082367917e-01,-2.736560152737310125e-01
7.440000000000000000e+09,5.348681862098578765e-01,-3.021587253852752730e-01
7.448000000000000000e+09,5.342897908187219658e-01,-3.302479396261909783e-01
7.456000000000000000e+09,5.333257076339078528e-01,-3.582584618937593168e-01
7.464000000000000000e+09,5.324270783998925616e-01,-3.862597064396392499e-01
7.472000000000000000e+09,5.315661939404566771e-01,-4.146820501137685189e-01
7.480000000000000000e+09,5.308253252024187629e-01,-4.429522043633895567e-01
7.488000000000000000e+09,5.302585591389359365e-01,-4.708218538933994779e-01
7.496000000000000000e+09,5.295019097386599594e-01,-4.991186350685063999e-01
7.504000000000000000e+09,5.286470673147900534e-01,-5.270399129477357780e-01
7.512000000000000000e+09,5.279757502814425019e-01,-5.549277597872129819e-01
7.520000000000000000e+09,5.268937186142114149e-01,-5.842640766310617240e-01
7.528000000000000000e+09,5.264730797467399581e-01,-6.121120572577291030e-01
7.536000000000000000e+09,5.253346849173096134e-01,-6.407365196146534991e-01
7.544000000000000000e+09,5.241197852570163018e-01,-6.690144407486466882e-01
7.552000000000000000e+09,5.231273458171600277e-01,-6.974321886139679405e-01
7.560000000000000000e+09,5.220875677058518516e-01,-7.258165434004072436e-01
7.568000000000000000e+09,5.212616795782639700e-01,-7.538189014966324430e-01
7.576000000000000000e+09,5.202667784209361601e-01,-7.814488311735594550e-01
7.584000000000000000e+09,5.195560186536218872e-01,-8.089590674930936531e-01
7.592000000000000000e+09,5.186218546876548707e-01,-8.366954695889060600e-01
7.600000000000000000e+09,5.177498006642483608e-01,-8.652996294254241549e-01
7.608000000000000000e+09,5.169748857327427505e-01,-8.929987788432673934e-01
7.616000000000000000e+09,5.160438785583129073e-01,-9.211888107121751768e-01
7.624000000000000000e+09,5.150338443483761797e-01,-9.493181247012236756e-01
7.632000000000000000e+09,5.139780770080600858e-01,-9.775637953440436956e-01
7.640000000000000000e+09,5.127518231850006769e-01,-1.006120327588637231e+00
7.648000000000000000e+09,5.117101039683230601e-01,-1.034095846571417621e+00
7.656000000000000000e+09,5.107452397552260104e-01,-1.061945269325047514e+00
7.664000000000000000e+09,5.100474135483280547e-01,-1.089806931586781547e+00
7.672000000000000000e+09,5.087118238594315889e-01,-1.117962150116390996e+00
7.680000000000000000e+09,5.071576190232504056e-01,-1.145721847707517949e+00
7.688000000000000000e+09,5.064435615186181350e-01,-1.173317177964714908e+00
7.696000000000000000e+09,5.054113305487333285e-01,-1.200573355160640121e+00
7.704000000000000000e+09,5.043809968378730746e-01,-1.228050192213899994e+00
7.712000000000000000e+09,5.033970800091146502e-01,-1.255389230962364211e+00
7.720000000000000000e+09,5.022782177883563515e-01,-1.283158119723395885e+00
7.728000000000000000e+09,5.018889033651489084e-01,-1.310369993183814863e+00
7.736000000000000000e+09,5.010745228483407532e-01,-1.337213813976721122e+00
7.744000000000000000e+09,4.995096269598004457e-01,-1.365954959779963174e+00
7.752000000000000000e+09,4.980512912016176741e-01,-1.393694239254675615e+00
7.760000000000000000e+09,4.968388105069949656e-01,-1.421156766974077446e+00
7.768000000000000000e+09,4.959210778277696741e-01,-1.448964770002554303e+00
7.776000000000000000e+09,4.948274116934734401e-01,-1.476739365836164941e+00
7.784000000000000000e+09,4.935580752433909035e-01,-1.504134967560729397e+00
7.792000000000000000e+09,4.923226218949146582e-01,-1.531557390441414812e+00
7.800000000000000000e+09,4.911406545051450467e-01,-1.558907319545134174e+00
7.808000000000000000e+09,4.902822961547942393e-01,-1.585699760240604217e+00
7.816000000000000000e+09,4.893070610617583638e-01,-1.612501677203618033e+00
7.824000000000000000e+09,4.884705732091125796e-01,-1.639452007720824556e+00
7.832000000000000000e+09,4.875248916026629908e-01,-1.667023208461611894e+00
7.840000000000000000e+09,4.863787457316379181e-01,-1.694255065188605913e+00
7.848000000000000000e+09,4.855999447307283723e-01,-1.721616266820118257e+00
7.856000000000000000e+09,4.846686514783754007e-01,-1.749606048608699949e+00
7.864000000000000000e+09,4.829922168330339494e-01,-1.776564424363161754e+00
7.872000000000000000e+09,4.809503173408777865e-01,-1.803966842260534831e+00
7.880000000000000000e+09,4.808186806844971239e-01,-1.831187865176796770e+00
7.888000000000000000e+09,4.794508504786760272e-01,-1.857264994127191482e+00
7.896000000000000000e+09,4.786519119048762150e-01,-1.885457708478718519e+00
7.904000000000000000e+09,4.774885182409922546e-01,-1.912955810563079950e+00
7.912000000000000000e+09,4.758852785264967022e-01,-1.939602343221490166e+00
7.920000000000000000e+09,4.750219880040245646e-01,-1.967235610707710025e+00
7.928000000000000000e+09,4.740608854505844461e-01,-1.994251280322149933e+00
7.936000000000000000e+09,4.732023149937116813e-01,-2.020804654854461813e+00
7.944000000000000000e+09,4.722493116076988962e-01,-2.047399390738014358e+00
7.952000000000000000e+09,4.712366127519526660e-01,-2.074459163102996495e+00
7.960000000000000000e+09,4.700509687177676921e-01,-2.101415200835539121e+00
7.968000000000000000e+09,4.690138103308067463e-01,-2.128293647689882828e+00
7.976000000000000000e+09,4.679330675963763175e-01,-2.154971241468246479e+00
7.984000000000000000e+09,4.667666317723763725e-01,-2.181890326238074884e+00
7.992000000000000000e+09,4.654526109537586720e-01,-2.208856404069126089e+00
8.000000000000000000e+09,4.640816533884330464e-01,-2.235569029383627893e+00
8.008000000000000000e+09,4.628954790392412200e-01,-2.262683695760228986e+00
8.016000000000000000e+09,4.619088588800742134e-01,-2.289225446519684848e+00
8.024000000000000000e+09,4.609038396228283263e-01,-2.316009257454124892e+00
8.032000000000000000e+09,4.596691055736813469e-01,-2.342437278686100743e+00
8.040000000000000000e+09,4.585113892076830289e-01,-2.369078501064560527e+00
8.048000000000000000e+09,4.577928259513174836e-01,-2.395066758979065291e+00
8.056000000000000000e+09,4.568116500179661976e-01,-2.420624569946312032e+00
8.064000000000000000e+09,4.563176266647534507e-01,-2.448075326833857535e+00
8.072000000000000000e+09,4.556396669781622721e-01,-2.474497049795362003e+00
8.080000000000000000e+09,4.539784289415897400e-01,-2.501893985811340038e+00
8.088000000000000000e+09,4.536610392797105207e-01,-2.528550484432674494e+00
8.096000000000000000e+09,4.520899102279831716e-01,-2.555123211631496360e+00
8.104000000000000000e+09,4.508975778181956162e-01,-2.581402031884361570e+00
8.112000000000000000e+09,4.496001905434203194e-01,-2.608236026991323175e+00
8.120000000000000000e+09,4.479861031573815766e-01,-2.634883925630134183e+00
8.128000000000000000e+09,4.469560657125761782e-01,-2.661779759392951750e+00
8.136000000000000000e+09,4.456619422526966190e-01,-2.688581493664680799e+00
8.144000000000000000e+09,4.447440799115870425e-01,-2.713664103644564118e+00
8.152000000000000000e+09,4.433187906910010523e-01,-2.739491089881542774e+00
8.160000000000000000e+09,4.422829158543432615e-01,-2.767088253096019024e+00
8.168000000000000000e+09,4.415516920998170947e-01,-2.792966128324892772e+00
8.176000000000000000e+09,4.408016043711483478e-01,-2.819028099785867880e+00
8.184000000000000000e+09,4.399475240058971504e-01,-2.845472542861684051e+00
8.192000000000000000e+09,4.388371079977260170e-01,-2.871964915189419543e+00
8.200000000000000000e+09,4.375771948343070705e-01,-2.898104539098614651e+00
8.208000000000000000e+09,4.365254864321465034e-01,-2.924598986923237387e+00
8.216000000000000000e+09,4.352947651292982667e-01,-2.950558192552337200e+00
8.224000000000000000e+09,4.341281671930962704e-01,-2.976585432044951407e+00
8.232000000000000000e+09,4.333408721556303855e-01,-3.003856519454042751e+00
8.240000000000000000e+09,4.315565953298753366e-01,-3.028327080720133235e+00
8.248000000000000000e+09,4.303870095505453186e-01,-3.054432885784672536e+00
8.256000000000000000e+09,4.291899038690172308e-01,-3.080155373660247164e+00
8.264000000000000000e+09,4.280432651880280437e-01,-3.106143186266723699e+00
8.272000000000000000e+09,4.269953216115225936e-01,-3.132019787057252369e+00
8.280000000000000000e+09,4.258730728236148066e-01,3.125148350915923245e+00
8.288000000000000000e+09,4.250821692363555004e-01,3.099094211136234733e+00
8.296000000000000000e+09,4.234691925255453238e-01,3.073801102524158946e+00
8.304000000000000000e+09,4.230716019456770005e-01,3.047486998527490609e+00
8.312000000000000000e+09,4.222195721211832176e-01,3.021651373060922907e+00
8.320000000000000000e+09,4.213067865162352099e-01,2.995879170531956515e+00
8.328000000000000000e+09,4.203656039162245173e-01,2.970229297554145997e+00
8.336000000000000000e+09,4.194501999088756650e-01,2.944535173043707044e+00
8.344000000000000000e+09,4.182545213415514440e-01,2.918619098505000231e+00
8.352000000000000000e+09,4.170264993788493912e-01,2.893089811559561575e+00
8.360000000000000000e+09,4.156315699781156781e-01,2.867859406093100638e+00
8.368000000000000000e+09,4.146839437572777398e-01,2.841751868189876795e+00
8.376000000000000000e+09,4.136888444985143964e-01,2.815888346004410181e+00
8.384000000000000000e+09,4.130670149569455885e-01,2.791236188684726116e+00
8.392000000000000000e+09,4.118183418634533410e-01,2.766860088665663575e+00
8.400000000000000000e+09,4.105053909442037408e-01,2.739622834022032993e+00
8.408000000000000000e+09,4.098295276696239386e-01,2.713879208638444229e+00
8.416000000000000000e+09,4.089915524796966517e-01,2.688065356801295547e+00
8.424000000000000000e+09,4.079788772406343633e-01,2.662664931983363736e+00
8.432000000000000000e+09,4.036832245767296157e-01,2.639474661045631887e+00
8.440000000000000000e+09,4.060508625683840744e-01,2.612487673026493429e+00
8.448000000000000000e+09,4.051739080768524959e-01,2.586811041977234993e+00
8.456000000000000000e+09,4.042092840369582163e-01,2.562051488528624077e+00
8.464000000000000000e+09,4.030962077312126302e-01,2.536877878277632004e+00
8.472000000000000000e+09,4.017580629132892489e-01,2.512384203995371212e+00
8.480000000000000000e+09,4.004575056914487230e-01,2.487879509576711001e+00
8.488000000000000000e+09,3.993834462903502192e-01,2.462908283223397721e+00
8.496000000000000000e+09,3.984842303470192415e-01,2.438268428601100268e+00
8.504000000000000000e+09,3.976074753487363611e-01,2.414032177805037982e+00
8.512000000000000000e+09,3.966768640506302956e-01,2.389696918447151486e+00
8.520000000000000000e+09,3.955012992192185606e-01,2.365280454834989055e+00
8.528000000000000000e+09,3.950833110804011228e-01,2.341011652861955561e+00
8.536000000000000000e+09,3.953361985400397627e-01,2.317824347653176797e+00
8.544000000000000000e+09,3.936724425097524738e-01,2.291561436786908601e+00
8.552000000000000000e+09,3.926160914657934042e-01,2.267957011928691369e+00
8.560000000000000000e+09,3.917937111080598833e-01,2.244454742994576701e+00
8.568000000000000000e+09,3.911116604764967031e-01,2.220460237389524583e+00
8.576000000000000000e+09,3.903367400630863293e-01,2.196744748402369218e+00
8.584000000000000000e+09,3.894413761314702849e-01,2.173018535387363226e+00
8.592000000000000000e+09,3.885770485312861067e-01,2.150380169144573639e+00
8.600000512000000000e+09,3.876240416760934893e-01,2.128106245049176781e+00
8.608000000000000000e+09,3.869691430477427696e-01,2.104609595237553865e+00
8.615999488000000000e+09,3.863890615024190844e-01,2.081702287955093045e+00
8.624000000000000000e+09,3.860395971670579907e-01,2.059001526184438546e+00
8.632000512000000000e+09,3.860825135597800717e-01,2.035730607621962118e+00
8.640000000000000000e+09,3.853259750286587848e-01,2.012910816433957972e+00
8.647999488000000000e+09,3.853936478948757349e-01,1.989083061109756967e+00
8.656000000000000000e+09,3.847444217775906616e-01,1.966195180213857752e+00
8.664000512000000000e+09,3.845227531174594260e-01,1.943913872275919497e+00
8.672000000000000000e+09,3.847795549218749889e-01,1.920294285477253338e+00
8.679999488000000000e+09,3.844739571300125336e-01,1.896760990693479476e+00
8.688000000000000000e+09,3.845609899285122868e-01,1.873763472183948675e+00
8.696000512000000000e+09,3.843996153076298383e-01,1.850523424003049033e+00
8.704000000000000000e+09,3.843629943019348794e-01,1.827757404430595978e+00
8.711999488000000000e+09,3.844153909560669158e-01,1.805139830513795562e+00
8.720000000000000000e+09,3.844235625678504853e-01,1.782997186854598626e+00
8.728000512000000000e+09,3.848120059837785156e-01,1.759444601533726171e+00
8.736000000000000000e+09,3.852691497829138223e-01,1.735935644490183671e+00
8.743999488000000000e+09,3.857875844135777443e-01,1.712868419901483197e+00
8.752000000000000000e+09,3.861831378117601132e-01,1.688793564970650474e+00
8.760000512000000000e+09,3.864728830167137308e-01,1.665536252394315131e+00
8.768000000000000000e+09,3.874055932533836399e-01,1.640632981809565516e+00
8.775999488000000000e+09,3.883729793761157012e-01,1.617925075840669358e+00
8.784000000000000000e+09,3.876573618932758203e-01,1.595471039407135194e+00
8.792000512000000000e+09,3.896208704257062005e-01,1.570776848104107559e+00
8.800000000000000000e+09,3.894482212441953140e-01,1.544975860923306188e+00
8.807999488000000000e+09,3.902682879895764123e-01,1.520732039068241059e+00
8.816000000000000000e+09,3.909125531525826092e-01,1.496269064519618386e+00
8.824000512000000000e+09,3.914992597900050497e-01,1.471960309951963364e+00
8.832000000000000000e+09,3.922442686581800175e-01,1.447820681356024819e+00
8.839999488000000000e+09,3.928839210745708743e-01,1.424150242412710599e+00
8.848000000000000000e+09,3.935895719181002894e-01,1.398640433773011393e+00
8.856000512000000000e+09,3.945254640010709690e-01,1.373554771575699940e+00
8.864000000000000000e+09,3.954755988664060973e-01,1.348600800138319400e+00
8.871999488000000000e+09,3.966451976511958799e-01,1.323449125770350676e+00
8.880000000000000000e+09,3.972119803262762483e-01,1.298697751258950150e+00
8.888000512000000000e+09,3.982557385318749033e-01,1.272328910706106431e+00
8.896000000000000000e+09,3.988438620402736667e-01,1.246923570372615586e+00
8.903999488000000000e+09,3.997304668648190562e-01,1.221458475699782165e+00
8.912000000000000000e+09,4.005894624391678760e-01,1.195609407639544708e+00
8.920000512000000000e+09,4.014367124729606440e-01,1.170535615777052119e+00
8.928000000000000000e+09,4.020613962708473599e-01,1.144383812143610957e+00
8.935999488000000000e+09,4.027753524892138670e-01,1.118693922411280184e+00
8.944000000000000000e+09,4.037308758709001189e-01,1.093031581991434020e+00
8.952000512000000000e+09,4.046795751600610336e-01,1.067828937682464119e+00
8.960000000000000000e+09,4.056186082072515409e-01,1.042293954478442197e+00
8.967999488000000000e+09,4.064782101196651176e-01,1.016319608499607341e+00
8.976000000000000000e+09,4.074400743262101554e-01,9.899968661186540064e-01
8.984000512000000000e+09,4.084131443427455599e-01,9.636667521366881761e-01
8.992000000000000000e+09,4.092880559192706436e-01,9.367931058447277470e-01
8.999999488000000000e+09,4.102595911000746498e-01,9.100095596053470182e-01
9.008000000000000000e+09,4.109285366152934937e-01,8.834720795106828506e-01
9.016000512000000000e+09,4.112444769399895006e-01,8.583465626183957031e-01
9.024000000000000000e+09,4.127804417216238697e-01,8.293334256928518444e-01
9.031999488000000000e+09,4.135564237578881475e-01,8.024287802375718037e-01
9.040000000000000000e+09,4.142907355083565446e-01,7.758758538194090448e-01
9.048000512000000000e+09,4.150859887700920070e-01,7.491476866091184572e-01
9.056000000000000000e+09,4.158144565340979870e-01,7.221058100081246822e-01
9.063999488000000000e+09,4.165308950553209266e-01,6.948980971958218511e-01
9.072000000000000000e+09,4.172881075389974215e-01,6.677070189654642496e-01
9.080000512000000000e+09,4.183896612763587375e-01,6.416049094084962379e-01
9.088000000000000000e+09,4.190309959253582517e-01,6.139488455129905597e-01
9.095999488000000000e+09,4.199605442373742226e-01,5.863534157821786996e-01
9.104000000000000000e+09,4.207047882034245512e-01,5.584074473422128149e-01
9.112000512000000000e+09,4.217431821081753518e-01,5.298671024732595214e-01
9.120000000000000000e+09,4.222723585329021811e-01,5.030152370872132961e-01
9.127999488000000000e+09,4.231857464208108044e-01,4.739260363244808261e-01
9.136000000000000000e+09,4.220582584317810193e-01,4.476416973281857614e-01
9.144000512000000000e+09,4.235409407614771915e-01,4.189519812315560809e-01
9.152000000000000000e+09,4.246936520752092603e-01,3.916131258819485761e-01
9.159999488000000000e+09,4.253292754557077560e-01,3.639872270623883965e-01
9.168000000000000000e+09,4.258347569861568593e-01,3.362235937464502222e-01
9.176000512000000000e+09,4.263015471035537796e-01,3.086195224716346552e-01
9.184000000000000000e+09,4.268903877356194920e-01,2.806233111329371477e-01
9.191999488000000000e+09,4.274474663148302156e-01,2.525418049671674381e-01
9.200000000000000000e+09,4.281440247111065189e-01,2.246007467775713029e-01
9.208000512000000000e+09,4.284739245134701613e-01,1.963303992919912810e-01
9.216000000000000000e+09,4.289062595846495074e-01,1.679856212270173510e-01
9.223999488000000000e+09,4.294349405837794009e-01,1.393247206053459530e-01
9.232000000000000000e+09,4.297978154182504062e-01,1.108436194663366819e-01
9.240000512000000000e+09,4.302942827015272531e-01,8.249061897075413152e-02
9.248000000000000000e+09,4.304773961266415427e-01,5.414047830714061732e-02
9.255999488000000000e+09,4.297564120946856803e-01,2.662089536920837426e-02
9.264000000000000000e+09,4.308736149245730451e-01,-2.149909586890452230e-03
9.272000512000000000e+09,4.312451103558481158e-01,-3.093161705458920274e-02
9.280000000000000000e+09,4.316388705734686138e-01,-5.925831547442612923e-02
9.287999488000000000e+09,4.317633346315162823e-01,-8.715223443428256334e-02
9.296000000000000000e+09,4.319972657873952238e-01,-1.156950072525158163e-01
9.304000512000000000e+09,4.322602440486312814e-01,-1.442959455294653692e-01
9.312000000000000000e+09,4.324224327088548869e-01,-1.728337149539026785e-01
9.319999488000000000e+09,4.324932645144958232e-01,-2.014821118398819610e-01
9.328000000000000000e+09,4.325199886531330140e-01,-2.299936301649599946e-01
9.336000512000000000e+09,4.324788008456331712e-01,-2.588195618988782809e-01
9.344000000000000000e+09,4.323858630269135639e-01,-2.873099157045587715e-01
9.351999488000000000e+09,4.324517262337875811e-01,-3.162012689588066250e-01
9.360000000000000000e+09,4.324177708939834774e-01,-3.452196243164540879e-01
9.368000512000000000e+09,4.322212042858695757e-01,-3.751199785009406984e-01
9.376000000000000000e+09,4.321387544245060552e-01,-4.017960919917392681e-01
9.383999488000000000e+09,4.320278661367731865e-01,-4.302882078541149791e-01
9.392000000000000000e+09,4.319413070498683838e-01,-4.584495440923400666e-01
9.400000512000000000e+09,4.317343801030105732e-01,-4.870844588311630252e-01
9.408000000000000000e+09,4.315527413300645487e-01,-5.154494691108818527e-01
9.415999488000000000e+09,4.313174504974031653e-01,-5.437310949566447338e-01
9.424000000000000000e+09,4.309946660113742611e-01,-5.720739937583062540e-01
9.432000512000000000e+09,4.304624433720647403e-01,-5.992588721186813405e-01
9.440000000000000000e+09,4.303902431853587340e-01,-6.290882289606640754e-01
9.447999488000000000e+09,4.300515273215635426e-01,-6.576449133100074063e-01
9.456000000000000000e+09,4.297002506216752171e-01,-6.858067837481932605e-01
9.464000512000000000e+09,4.292983686428623602e-01,-7.144019199262240383e-01
9.472000000000000000e+09,4.288061761125906424e-01,-7.424319978350757410e-01
9.479999488000000000e+09,4.284746532161402000e-01,-7.708128920250507665e-01
9.488000000000000000e+09,4.279367937853430504e-01,-7.984721934416225686e-01
9.496000512000000000e+09,4.272267777123158750e-01,-8.251936066191366548e-01
9.504000000000000000e+09,4.273177405075303525e-01,-8.534684010387135755e-01
9.511999488000000000e+09,4.269034556005135150e-01,-8.819919806309794996e-01
9.520000000000000000e+09,4.266571759938468933e-01,-9.097956929545930604e-01
9.528000512000000000e+09,4.262826492756239816e-01,-9.375873162312758913e-01
9.536000000000000000e+09,4.259239403685037284e-01,-9.652253035666835679e-01
9.543999488000000000e+09,4.255559177270131777e-01,-9.929107748586485371e-01
9.552000000000000000e+09,4.250885475754974663e-01,-1.021000798647114349e+00
9.560000512000000000e+09,4.247129721933619595e-01,-1.049120305561967115e+00
9.568000000000000000e+09,4.243509309281228159e-01,-1.076730710706138128e+00
9.575999488000000000e+09,4.238662091264109866e-01,-1.104496988297326121e+00
9.584000000000000000e+09,4.234722547771536671e-01,-1.132210133408174668e+00
9.592000512000000000e+09,4.230816122734697426e-01,-1.160062584645301209e+00
9.600000000000000000e+09,4.227401432048304986e-01,-1.188200313481705850e+00
9.607999488000000000e+09,4.228825881591508073e-01,-1.213587125752581208e+00
9.616000000000000000e+09,4.223427995165420779e-01,-1.242904155458628424e+00
9.624000512000000000e+09,4.221863772700226725e-01,-1.269896913095661439e+00
9.632000000000000000e+09,4.217680797996817832e-01,-1.297695605800302188e+00
9.639999488000000000e+09,4.214998235641903013e-01,-1.326352030701556828e+00
9.648000000000000000e+09,4.214335344934685423e-01,-1.353633664575746742e+00
9.656000512000000000e+09,4.210201807226772175e-01,-1.381690382423607311e+00
9.664000000000000000e+09,4.206572366382503314e-01,-1.409597964671741144e+00
9.671999488000000000e+09,4.202581351876441551e-01,-1.437779300987098718e+00
9.680000000000000000e+09,4.197591455025421747e-01,-1.465989797301710640e+00
9.688000512000000000e+09,4.195102061309083363e-01,-1.493776259637328963e+00
9.696000000000000000e+09,4.191315002552010172e-01,-1.521811852249095098e+00
9.703999488000000000e+09,4.186645213359133089e-01,-1.549770136098914008e+00
9.712000000000000000e+09,4.182665597321562623e-01,-1.577376452175739852e+00
9.720000512000000000e+09,4.179401764860922186e-01,-1.605709746344139655e+00
9.728000000000000000e+09,4.177564507093219914e-01,-1.633174272405928384e+00
9.735999488000000000e+09,4.176482047424817101e-01,-1.660614408919202978e+00
9.744000000000000000e+09,4.174355259160291709e-01,-1.688816726674500446e+00
9.752000512000000000e+09,4.171290174565828179e-01,-1.717033367166172386e+00
9.760000000000000000e+09,4.166896869515529511e-01,-1.745172266692024854e+00
9.767999488000000000e+09,4.164658168598178167e-01,-1.773957208031301080e+00
9.776000000000000000e+09,4.160680492980761147e-01,-1.802052089050343309e+00
9.784000512000000000e+09,4.158817438021079060e-01,-1.830548610422987776e+00
9.792000000000000000e+09,4.150415209553446894e-01,-1.858791644179503155e+00
9.799999488000000000e+09,4.142649070400912237e-01,-1.887135122755669636e+00
9.808000000000000000e+09,4.138669772223318999e-01,-1.915688561735698681e+00
9.816000512000000000e+09,4.133765454000762340e-01,-1.943967060438377636e+00
9.824000000000000000e+09,4.129043435127549011e-01,-1.972117245906183980e+00
9.831999488000000000e+09,4.126093719704720941e-01,-2.000146031996965501e+00
9.840000000000000000e+09,4.117369434209714463e-01,-2.029030739327395416e+00
9.848000512000000000e+09,4.118093117469334707e-01,-2.057165351223960936e+00
9.856000000000000000e+09,4.110248473597569729e-01,-2.085432409524671460e+00
9.863999488000000000e+09,4.103152658108914497e-01,-2.113478112771252970e+00
9.872000000000000000e+09,4.097268024162898370e-01,-2.141817223108879453e+00
9.880000512000000000e+09,4.090351264944761533e-01,-2.170229345990938974e+00
9.888000000000000000e+09,4.085698804901853332e-01,-2.198423695977980152e+00
9.895999488000000000e+09,4.078239537208938614e-01,-2.227258679601793023e+00
9.904000000000000000e+09,4.069857686072170244e-01,-2.255502177107275852e+00
9.912000512000000000e+09,4.059623389001505434e-01,-2.283901695838506996e+00
9.920000000000000000e+09,4.047553587630505767e-01,-2.312279196275924598e+00
9.927999488000000000e+09,4.040954079708303226e-01,-2.340478501404218203e+00
9.936000000000000000e+09,4.032652170747313969e-01,-2.368643836449757956e+00
9.944000512000000000e+09,4.023224058151783633e-01,-2.396623682570321101e+00
9.952000000000000000e+09,4.014625927278933637e-01,-2.424470943680337776e+00
9.959999488000000000e+09,4.005282324828294827e-01,-2.452975998255447543e+00
9.968000000000000000e+09,3.999898933171774917e-01,-2.480662062258202294e+00
9.976000512000000000e+09,3.992808261732140318e-01,-2.508548038550654891e+00
9.984000000000000000e+09,3.986493145065716504e-01,-2.536403107749246377e+00
9.991999488000000000e+09,3.976030533585732107e-01,-2.563963466767519517e+00
1.000000000000000000e+10,3.964017302742372517e-01,-2.591773567140419843e+00
1.000800051200000000e+10,3.956064350002554963e-01,-2.616428668700538918e+00
1.001600000000000000e+10,3.944566201057302379e-01,-2.643680454824004045e+00
1.002399948800000000e+10,3.934127455988376543e-01,-2.671710214260948124e+00
1.003200000000000000e+10,3.922210365429372736e-01,-2.699275149526501050e+00
1.004000051200000000e+10,3.908272331908096975e-01,-2.727006006777681790e+00
1.004800000000000000e+10,3.898653261841552031e-01,-2.754597559338363588e+00
1.005599948800000000e+10,3.889148483914919296e-01,-2.781706193094209745e+00
1.006400000000000000e+10,3.879417916671348276e-01,-2.808877865955888620e+00
1.007200051200000000e+10,3.868387508538958519e-01,-2.836182471278255957e+00
1.008000000000000000e+10,3.855938859550558928e-01,-2.863144235956475381e+00
1.008799948800000000e+10,3.847878407972741832e-01,-2.890387967423176718e+00
1.009600000000000000e+10,3.841233497221053228e-01,-2.916677856079753273e+00
1.010400051200000000e+10,3.832598292810883711e-01,-2.943774043195853007e+00
1.011200000000000000e+10,3.821763240167562192e-01,-2.970732546969291565e+00
1.011999948800000000e+10,3.810219708867623178e-01,-2.997528308139036479e+00
1.012800000000000000e+10,3.800322155922415401e-01,-3.024772026002472636e+00
1.013600051200000000e+10,3.790154787949943649e-01,-3.051438470342356712e+00
1.014400000000000000e+10,3.778140885607499944e-01,-3.078076950604992756e+00
1.015199948800000000e+10,3.765804495010403596e-01,-3.104416000108184637e+00
1.016000000000000000e+10,3.752569014004483172e-01,-3.130589761950299810e+00
1.016800051200000000e+10,3.743065704262711901e-01,3.125693674594680616e+00
1.017600000000000000e+10,3.733478865435138072e-01,3.098843322766971831e+00
1.018399948800000000e+10,3.723088919335417746e-01,3.072776889263622913e+00
1.019200000000000000e+10,3.715106648246924159e-01,3.046650534002799393e+00
1.020000051200000000e+10,3.705172007210175145e-01,3.020402798773273556e+00
1.020800000000000000e+10,3.702664664519468296e-01,2.992960485241543012e+00
1.021599948800000000e+10,3.696372873460087027e-01,2.967083757341972383e+00
1.022400000000000000e+10,3.683782370616642265e-01,2.941820413149317304e+00
1.023200051200000000e+10,3.674774922622390250e-01,2.915881547749595626e+00
1.024000000000000000e+10,3.665093150441127712e-01,2.889415470801679930e+00
1.024799948800000000e+10,3.657617038918902219e-01,2.863257859593834276e+00
1.025600000000000000e+10,3.648150010406188137e-01,2.836842947756580635e+00
1.026400051200000000e+10,3.638845965746144717e-01,2.810941907598203393e+00
1.027200000000000000e+10,3.628879098964695182e-01,2.785483294935026777e+00
1.027999948800000000e+10,3.617300426339327690e-01,2.759679085648703456e+00
1.028800000000000000e+10,3.610526552221641761e-01,2.733951153849273563e+00
1.029600051200000000e+10,3.602819359609100158e-01,2.708207709690634513e+00
1.030400000000000000e+10,3.595345936397966180e-01,2.681874750811479302e+00
1.031199948800000000e+10,3.586091106715866283e-01,2.656139836298768930e+00
1.032000000000000000e+10,3.580345462569696768e-01,2.630778822278467377e+00
1.032800051200000000e+10,3.575531037073474971e-01,2.604073097282358251e+00
1.033600000000000000e+10,3.571516853207734044e-01,2.578175052512612808e+00
1.034399948800000000e+10,3.565512415015414938e-01,2.552399766275119219e+00
1.035200000000000000e+10,3.557657254005868741e-01,2.527602634707134754e+00
1.036000051200000000e+10,3.549011281650509275e-01,2.502225828408144004e+00
1.036800000000000000e+10,3.542866250338267409e-01,2.476261540619367540e+00
1.037599948800000000e+10,3.537113214165562014e-01,2.450997227612635498e+00
1.038400000000000000e+10,3.529745550775168494e-01,2.424984598854555973e+00
1.039200051200000000e+10,3.520902485908025681e-01,2.399349957702906266e+00
1.040000000000000000e+10,3.511398018253307773e-01,2.374164021392795032e+00
1.040799948800000000e+10,3.506490205615889200e-01,2.347516421286354404e+00
1.041600000000000000e+10,3.499397053248317069e-01,2.320821591829953956e+00
1.042400051200000000e+10,3.491424906808693329e-01,2.296860301122548353e+00
1.043200000000000000e+10,3.487663433157948134e-01,2.271265675533982176e+00
1.043999948800000000e+10,3.481890403958612379e-01,2.245643752780382751e+00
1.044800000000000000e+10,3.479609294430035527e-01,2.219768584581816029e+00
1.045600051200000000e+10,3.476676872208266378e-01,2.193640463261853135e+00
1.046400000000000000e+10,3.472321687694605030e-01,2.168054644316461221e+00
1.047199948800000000e+10,3.466666338289847160e-01,2.142390652729291300e+00
1.048000000000000000e+10,3.459853122331096320e-01,2.117236174974132190e+00
1.048800051200000000e+10,3.455406707500930930e-01,2.091691969972849563e+00
1.049600000000000000e+10,3.450884315366361532e-01,2.065788770399006324e+00
1.050399948800000000e+10,3.444582082845678017e-01,2.040389059070872424e+00
1.051200000000000000e+10,3.437472489526448571e-01,2.015825806617826732e+00
1.052000051200000000e+10,3.430031429962102640e-01,1.990187412210377760e+00
1.052800000000000000e+10,3.425914158068433801e-01,1.964649383748397593e+00
1.053599948800000000e+10,3.422164027164234512e-01,1.938608576914108150e+00
1.054400000000000000e+10,3.417555882886432195e-01,1.912854456018111104e+00
1.055200051200000000e+10,3.409507041730847066e-01,1.888359515556202295e+00
1.056000000000000000e+10,3.410321770955152543e-01,1.862199053260366721e+00
1.056799948800000000e+10,3.408096619890526591e-01,1.835329774498919431e+00
1.057600000000000000e+10,3.408230270756701374e-01,1.809318065548162213e+00
1.058400051200000000e+10,3.403091952321575797e-01,1.784679814220287986e+00
1.059200000000000000e+10,3.399304701925809358e-01,1.759135620214580253e+00
1.059999948800000000e+10,3.392634295879684569e-01,1.733873301462237171e+00
1.060800000000000000e+10,3.390002466812287452e-01,1.707791991460123171e+00
1.061600051200000000e+10,3.386696089884643213e-01,1.682458576489321844e+00
1.062400000000000000e+10,3.382427179408885043e-01,1.656321651359905278e+00
1.063199948800000000e+10,3.376351028874398641e-01,1.631962241386629042e+00
1.064000000000000000e+10,3.368425928240719736e-01,1.607106215675047967e+00
1.064800051200000000e+10,3.365766808520865294e-01,1.580542274541864689e+00
1.065600000000000000e+10,3.363988612859746263e-01,1.555539376426491094e+00
1.066399948800000000e+10,3.370732299833854029e-01,1.529667540004938209e+00
1.067200000000000000e+10,3.357498230468274336e-01,1.504178237129630169e+00
1.068000051200000000e+10,3.353825426023477330e-01,1.478884203254080099e+00
1.068800000000000000e+10,3.352272551307202142e-01,1.452406643071284309e+00
1.069599948800000000e+10,3.351230383239026667e-01,1.426473953655531979e+00
1.070400000000000000e+10,3.348521521580700711e-01,1.400376264144876259e+00
1.071200051200000000e+10,3.345145162961438712e-01,1.375655587008211889e+00
1.072000000000000000e+10,3.339972656451233868e-01,1.351489582883996121e+00
1.072799948800000000e+10,3.336874085404096246e-01,1.325704916260854516e+00
1.073600000000000000e+10,3.334507340461346225e-01,1.300600845636912029e+00
1.074400051200000000e+10,3.331916719143913630e-01,1.276107277922089889e+00
1.075200000000000000e+10,3.328845315325705267e-01,1.250587884815748563e+00
1.075999948800000000e+10,3.326083027050114049e-01,1.225692939418702387e+00
1.076800000000000000e+10,3.325109045553602538e-01,1.199242115914893603e+00
1.077600051200000000e+10,3.324051234618184414e-01,1.172068691654154060e+00
1.078400000000000000e+10,3.326432672887627007e-01,1.146881713674748005e+00
1.079199948800000000e+10,3.327074707213860116e-01,1.122527740386912720e+00
1.080000000000000000e+10,3.320149187827646786e-01,1.096545524828381302e+00
1.080800051200000000e+10,3.320985228043159543e-01,1.070186531628187776e+00
1.081600000000000000e+10,3.319994608962736904e-01,1.044037771886793253e+00
1.082399948800000000e+10,3.319167788443845857e-01,1.018205058732795765e+00
1.083200000000000000e+10,3.319097600603064802e-01,9.924453797613199679e-01
1.084000051200000000e+10,3.316361585826296809e-01,9.672795484170814140e-01
1.084800000000000000e+10,3.313916403627336082e-01,9.400589963773479107e-01
1.085599948800000000e+10,3.315137530488717066e-01,9.134744097479891023e-01
1.086400000000000000e+10,3.313367455508079984e-01,8.890676655100943071e-01
1.087200051200000000e+10,3.311132264601286401e-01,8.638787003248277196e-01
1.088000000000000000e+10,3.308500767675046639e-01,8.382106545474716786e-01
1.088799948800000000e+10,3.307903787397261652e-01,8.117836514790577329e-01
1.089600000000000000e+10,3.308000753100468483e-01,7.849746246022413221e-01
1.090400051200000000e+10,3.310312864117438414e-01,7.563638252170390430e-01
1.091200000000000000e+10,3.309054547717792394e-01,7.312363914847377355e-01
1.091999948800000000e+10,3.303201493369816721e-01,7.066285942106605988e-01
1.092800000000000000e+10,3.301859920162693030e-01,6.784763306316629050e-01
1.093600051200000000e+10,3.300227102732771756e-01,6.532654222621386841e-01
1.094400000000000000e+10,3.299163742947075484e-01,6.268547217484922163e-01
1.095199948800000000e+10,3.296895441534585802e-01,6.011393438026449987e-01
1.096000000000000000e+10,3.294417500617667360e-01,5.758895569002839832e-01
1.096800051200000000e+10,3.292230664430766396e-01,5.494897785195519413e-01
1.097600000000000000e+10,3.290692478814574162e-01,5.233828551564650988e-01
1.098399948800000000e+10,3.288962368591596963e-01,4.974163656929571631e-01
1.099200000000000000e+10,3.286311495275742733e-01,4.714947306235510727e-01
1.100000051200000000e+10,3.284257156059803839e-01,4.475052564645835007e-01
1.100800000000000000e+10,3.282522238511600410e-01,4.202067939154525145e-01
1.101599948800000000e+10,3.281613041444318424e-01,3.940707245966232897e-01
1.102400000000000000e+10,3.282633347020348369e-01,3.675649495370110764e-01
1.103200051200000000e+10,3.283642693830852166e-01,3.409694653540880638e-01
1.104000000000000000e+10,3.278868986744622460e-01,3.161493253894088751e-01
1.104799948800000000e+10,3.279120537682322922e-01,2.892349912141915502e-01
1.105600000000000000e+10,3.278079933715935534e-01,2.625662184190465931e-01
1.106400051200000000e+10,3.274932633983499985e-01,2.353064642906904091e-01
1.107200000000000000e+10,3.276487301478147041e-01,2.106593453474364663e-01
1.107999948800000000e+10,3.275990484779434664e-01,1.866036217626543814e-01
1.108800000000000000e+10,3.275721696761409452e-01,1.603039728494015936e-01
1.109600051200000000e+10,3.275789333266456160e-01,1.340435145492621938e-01
1.110400000000000000e+10,3.275618353661753357e-01,1.083978538399385100e-01
1.111199948800000000e+10,3.275517597317760821e-01,8.306814745087995333e-02
1.112000000000000000e+10,3.275694703160714760e-01,5.713846720313603411e-02
1.112800051200000000e+10,3.275856051155333626e-01,3.076636840209271209e-02
1.113600000000000000e+10,3.275090926734661734e-01,3.292888086168620308e-03
1.114399948800000000e+10,3.277879631781476233e-01,-2.459294012884910563e-02
1.115200000000000000e+10,3.280434601199292977e-01,-4.936467230657530514e-02
1.116000051200000000e+10,3.278055613001343294e-01,-7.515672071590050185e-02
1.116800000000000000e+10,3.279136472040309336e-01,-1.020146429944458200e-01
1.117599948800000000e+10,3.278609770901989018e-01,-1.284464922072885151e-01
1.118400000000000000e+10,3.278640250217163543e-01,-1.549726142461290701e-01
1.119200051200000000e+10,3.279737327617030518e-01,-1.807337702570328275e-01
1.120000000000000000e+10,3.280355729680514143e-01,-2.069976551664289011e-01
1.120799948800000000e+10,3.280984079709096113e-01,-2.332992684778933401e-01
1.121600000000000000e+10,3.282913723137869111e-01,-2.593802407246647013e-01
1.122400051200000000e+10,3.283834183350782254e-01,-2.861427582303438522e-01
1.123200000000000000e+10,3.283651043013215975e-01,-3.125555397134829327e-01
1.123999948800000000e+10,3.283656939933650154e-01,-3.387292486758193832e-01
1.124800000000000000e+10,3.283771294884445524e-01,-3.661462944449278556e-01
1.125600051200000000e+10,3.284606843385925457e-01,-3.929321538042036543e-01
1.126400000000000000e+10,3.285912120942309778e-01,-4.227976014528636584e-01
1.127199948800000000e+10,3.287519691348635420e-01,-4.483549077641039160e-01
1.128000000000000000e+10,3.285783655891165722e-01,-4.739004809472898705e-01
1.128800051200000000e+10,3.287192883371731211e-01,-5.020664204435584255e-01
1.129600000000000000e+10,3.286753800696843864e-01,-5.284786960223487595e-01
1.130399948800000000e+10,3.286220479701539299e-01,-5.551396324563573348e-01
1.131200000000000000e+10,3.286247984679919742e-01,-5.821096065591098156e-01
1.132000051200000000e+10,3.286586931674732592e-01,-6.085593648923952603e-01
1.132800000000000000e+10,3.285967029017258789e-01,-6.356268410811064529e-01
1.133599948800000000e+10,3.285597777172175049e-01,-6.627799450230269507e-01
1.134400000000000000e+10,3.285560812840992995e-01,-6.899184111607985503e-01
1.135200051200000000e+10,3.284920835390179317e-01,-7.170380325914360586e-01
1.136000000000000000e+10,3.286151047755152543e-01,-7.434692634720377891e-01
1.136799948800000000e+10,3.284232039642261958e-01,-7.710892599400076541e-01
1.137600000000000000e+10,3.283842118911327046e-01,-7.986977511857875633e-01
1.138400051200000000e+10,3.282896637784162852e-01,-8.270618699325269496e-01
1.139200000000000000e+10,3.285106660096860920e-01,-8.544443930827916311e-01
1.139999948800000000e+10,3.283627277132993849e-01,-8.802366248911424051e-01
1.140800000000000000e+10,3.282971666151828227e-01,-9.076568063439275358e-01
1.141600051200000000e+10,3.282870584927528035e-01,-9.346691402901395884e-01
1.142400000000000000e+10,3.285054251976467499e-01,-9.608202737769888646e-01
1.143199948800000000e+10,3.285072363222929503e-01,-9.895288190107114357e-01
1.144000000000000000e+10,3.280698942029884324e-01,-1.016595860301195975e+00
1.144800051200000000e+10,3.280792880991404981e-01,-1.043711696657317001e+00
1.145600000000000000e+10,3.278638696189416502e-01,-1.071195259161737523e+00
1.146399948800000000e+10,3.277478379183836332e-01,-1.098334211030504548e+00
1.147200000000000000e+10,3.277390611454338853e-01,-1.125291083722161245e+00
1.148000051200000000e+10,3.275794239979561429e-01,-1.152768868341777386e+00
1.148800000000000000e+10,3.274696159244980254e-01,-1.180475824109871619e+00
1.149599948800000000e+10,3.271668722156366726e-01,-1.207751565814758843e+00
1.150400000000000000e+10,3.269882105082460022e-01,-1.235809925799819409e+00
1.151200051200000000e+10,3.270285666828301463e-01,-1.264021308861170922e+00
1.152000000000000000e+10,3.269786502769569947e-01,-1.290264046242603602e+00
1.152799948800000000e+10,3.267780943401406568e-01,-1.320602645139279163e+00
1.153600000000000000e+10,3.264843927199003182e-01,-1.345449701393201636e+00
1.154400051200000000e+10,3.263881380206453686e-01,-1.372576679359224672e+00
1.155200000000000000e+10,3.262381830422501072e-01,-1.399990889863232946e+00
1.155999948800000000e+10,3.261183820329845995e-01,-1.426789387913147023e+00
1.156800000000000000e+10,3.259125205181094276e-01,-1.454582534342700573e+00
1.157600051200000000e+10,3.256965542385072410e-01,-1.481923176429166933e+00
1.158400000000000000e+10,3.254308949050739863e-01,-1.509423226618330505e+00
1.159199948800000000e+10,3.251249544989582851e-01,-1.536658648006073768e+00
1.160000000000000000e+10,3.250195346093645576e-01,-1.563748278772279399e+00
1.160800051200000000e+10,3.245983372842598524e-01,-1.591022601009034698e+00
1.161600000000000000e+10,3.244409528099838069e-01,-1.618815710838670929e+00
1.162399948800000000e+10,3.241754251404088127e-01,-1.646288629325693309e+00
1.163200000000000000e+10,3.238736395766348974e-01,-1.675582334348150848e+00
1.164000051200000000e+10,3.237427864046257819e-01,-1.700640091603089932e+00
1.164800000000000000e+10,3.234575351295328471e-01,-1.728219013973916862e+00
1.165599948800000000e+10,3.233430579458549947e-01,-1.755603778679856619e+00
1.166400000000000000e+10,3.230454329164160199e-01,-1.782692539420325017e+00
1.167200051200000000e+10,3.227839295297239564e-01,-1.809596208442761034e+00
1.168000000000000000e+10,3.225818801464052643e-01,-1.836637088819307317e+00
1.168799948800000000e+10,3.223248153015116357e-01,-1.863302964874932410e+00
1.169600000000000000e+10,3.220211620698198440e-01,-1.890943643851036526e+00
1.170400051200000000e+10,3.217641324165290695e-01,-1.917977427180897809e+00
1.171200000000000000e+10,3.214695674328612585e-01,-1.944921957896054154e+00
1.171999948800000000e+10,3.211786663755080151e-01,-1.972564383546468791e+00
1.172800000000000000e+10,3.208674467869948588e-01,-1.999427469966512216e+00
1.173600051200000000e+10,3.206276785356637626e-01,-2.026851879662868949e+00
1.174400000000000000e+10,3.203448750864540395e-01,-2.054197192739080080e+00
1.175199948800000000e+10,3.201157394018173119e-01,-2.080997135145728372e+00
1.176000000000000000e+10,3.199797775565325630e-01,-2.108696840924089599e+00
1.176800051200000000e+10,3.199834587327369806e-01,-2.133347430547887225e+00
1.177600000000000000e+10,3.197345839816908009e-01,-2.162482338137117654e+00
1.178399948800000000e+10,3.195297827232006505e-01,-2.190342242625174851e+00
1.179200000000000000e+10,3.191932639287173301e-01,-2.217352112134211684e+00
1.180000051200000000e+10,3.190634951987338930e-01,-2.244029423547132751e+00
1.180800000000000000e+10,3.188334573421383045e-01,-2.271492059471164282e+00
1.181599948800000000e+10,3.186757908548830676e-01,-2.298138874006597110e+00
1.182400000000000000e+10,3.184384364396906086e-01,-2.325829325561866945e+00
1.183200051200000000e+10,3.182608782329672814e-01,-2.353221926823608090e+00
1.184000000000000000e+10,3.180274121239696217e-01,-2.380464705641516243e+00
1.184799948800000000e+10,3.177836468178282248e-01,-2.408091379367497620e+00
1.185600000000000000e+10,3.176588071278448333e-01,-2.434632559746491953e+00
1.186400051200000000e+10,3.174569617266247423e-01,-2.461417536519181493e+00
1.187200000000000000e+10,3.177835734424059866e-01,-2.489181028452575273e+00
1.187999948800000000e+10,3.170175845228415668e-01,-2.517380298074908929e+00
1.188800000000000000e+10,3.169367887762097324e-01,-2.544860686560241447e+00
1.189600051200000000e+10,3.167710715466600102e-01,-2.572350758301867657e+00
1.190400000000000000e+10,3.166065705808503994e-01,-2.599392133187661269e+00
1.191199948800000000e+10,3.164232387797014101e-01,-2.627335336458825221e+00
1.192000000000000000e+10,3.161615405079616914e-01,-2.654567929827996053e+00
1.192800051200000000e+10,3.159655483758587735e-01,-2.682156321806395738e+00
1.193600000000000000e+10,3.156205606748574977e-01,-2.710344646636368537e+00
1.194399948800000000e+10,3.156348964229255261e-01,-2.737238419154933489e+00
1.195200000000000000e+10,3.151457324679830529e-01,-2.764639050646533480e+00
1.196000051200000000e+10,3.146532307444838694e-01,-2.793258490313506481e+00
1.196800000000000000e+10,3.144503142229937986e-01,-2.820649647017666961e+00
1.197599948800000000e+10,3.141286197227694532e-01,-2.848513418820188825e+00
1.198400000000000000e+10,3.138606516197920970e-01,-2.876037619891350428e+00
1.199200051200000000e+10,3.136042185635740109e-01,-2.903868725888903768e+00
1.200000000000000000e+10,3.132165216578776112e-01,-2.932024549273640535e+00
1.200799948800000000e+10,3.131305904005588503e-01,-2.959579340051918361e+00
1.201600000000000000e+10,3.127232591862543210e-01,-2.987361039550365138e+00
1.202400051200000000e+10,3.124352842985753109e-01,-3.014747754287382175e+00
1.203200000000000000e+10,3.121783892943517102e-01,-3.042317889782286233e+00
1.203999948800000000e+10,3.118440364984595425e-01,-3.070657732343593516e+00
1.204800000000000000e+10,3.114886825375584589e-01,-3.098263187020029008e+00
1.205600051200000000e+10,3.111094326090386164e-01,-3.126308437760141778e+00
1.206400000000000000e+10,3.105325095346365694e-01,3.128633179753113502e+00
1.207199948800000000e+10,3.094157815138412482e-01,3.101175512421136649e+00
1.208000000000000000e+10,3.096278754140042722e-01,3.073286681378464280e+00
1.208800051200000000e+10,3.091462475216023020e-01,3.045466405682057953e+00
1.209600000000000000e+10,3.088457012141632152e-01,3.018215022271893755e+00
1.210399948800000000e+10,3.086591080598881653e-01,2.990652609828916120e+00
1.211200000000000000e+10,3.082115135395241401e-01,2.961761260722001410e+00
1.212000051200000000e+10,3.075494402877194666e-01,2.934143404941234490e+00
1.212800000000000000e+10,3.072834369051221093e-01,2.906077863807210893e+00
1.213599948800000000e+10,3.068672574346338888e-01,2.878536902676678277e+00
1.214400000000000000e+10,3.067388302987247295e-01,2.850916418330899482e+00
1.215200051200000000e+10,3.062994222662391297e-01,2.823899514673660516e+00
1.216000000000000000e+10,3.054106824630540840e-01,2.795579835739566921e+00
1.216799948800000000e+10,3.049355567166929237e-01,2.767655652822049284e+00
1.217600000000000000e+10,3.043756208403783914e-01,2.740258618387716005e+00
1.218400051200000000e+10,3.038494474800799705e-01,2.712585369177124672e+00
1.219200000000000000e+10,3.030977253673570182e-01,2.684489977377032766e+00
1.219999948800000000e+10,3.023837806657945215e-01,2.657263737195609821e+00
1.220800000000000000e+10,3.018833833409179102e-01,2.629323503011505192e+00
1.221600051200000000e+10,3.013200335162927734e-01,2.601619056123140705e+00
1.222400000000000000e+10,3.014799707320668931e-01,2.573462392415636568e+00
1.223199948800000000e+10,3.008448949767841274e-01,2.547060859707812597e+00
1.224000000000000000e+10,2.998508501435940832e-01,2.518706134892450432e+00
1.224800051200000000e+10,2.994160775237004191e-01,2.491490099412806192e+00
1.225600000000000000e+10,2.989253967900528663e-01,2.463731647768956812e+00
1.226399948800000000e+10,2.984868260962601494e-01,2.436280084383555256e+00
1.227200000000000000e+10,2.978025480399792424e-01,2.408807826292250098e+00
1.228000051200000000e+10,2.970739618093512502e-01,2.381450152434725354e+00
1.228800000000000000e+10,2.964580839886605257e-01,2.354353769163886057e+00
1.229599948800000000e+10,2.957554551157671185e-01,2.326907690918985416e+00
1.230400000000000000e+10,2.941008596729712266e-01,2.305102787142604637e+00
1.231200051200000000e+10,2.944048816612016006e-01,2.272873571775374302e+00
1.232000000000000000e+10,2.935463575827294003e-01,2.245188343711578938e+00
1.232799948800000000e+10,2.930857614728573091e-01,2.218191265808895807e+00
1.233600000000000000e+10,2.926041523653900578e-01,2.191338025368748443e+00
1.234400051200000000e+10,2.919573658574931563e-01,2.163346638213194506e+00
1.235200000000000000e+10,2.912523630005545705e-01,2.136590170645743747e+00
1.235999948800000000e+10,2.905931984893249109e-01,2.109415016057712311e+00
1.236800000000000000e+10,2.899393873496484142e-01,2.082050123994732882e+00
1.237600051200000000e+10,2.884730835906195168e-01,2.057446377486453315e+00
1.238400000000000000e+10,2.889334067866259348e-01,2.028614209584797656e+00
1.239199948800000000e+10,2.883794067911356063e-01,2.001092903286848301e+00
1.240000000000000000e+10,2.876224068232278719e-01,1.974366579847826042e+00
1.240800051200000000e+10,2.869840464061058083e-01,1.946629510378298455e+00
1.241600000000000000e+10,2.862217958560881459e-01,1.919777572516117026e+00
1.242399948800000000e+10,2.852712320440621840e-01,1.893045300707341561e+00
1.243200000000000000e+10,2.842887247969649311e-01,1.867111707034615264e+00
1.244000051200000000e+10,2.839874661356423524e-01,1.840392211174710635e+00
1.244800000000000000e+10,2.833284914220088324e-01,1.814757439453818844e+00
1.245599948800000000e+10,2.828682247892520540e-01,1.787306407301262112e+00
1.246400000000000000e+10,2.823480047809701632e-01,1.760153962048263798e+00
1.247200051200000000e+10,2.817327916163009927e-01,1.732455951585919474e+00
1.248000000000000000e+10,2.811748673474827043e-01,1.706315170153942962e+00
1.248799948800000000e+10,2.805697048234890856e-01,1.678785385610187086e+00
1.249600000000000000e+10,2.801205592715985682e-01,1.651763124265855032e+00
1.250400051200000000e+10,2.798546311271455367e-01,1.623513158126473899e+00
1.251200000000000000e+10,2.792310525979901370e-01,1.598596561385752013e+00
1.251999948800000000e+10,2.781009796820502755e-01,1.572836056440572117e+00
1.252800000000000000e+10,2.775854443860977239e-01,1.546355006221768580e+00
1.253600051200000000e+10,2.769223672363441136e-01,1.519739044106203751e+00
1.254400000000000000e+10,2.763265917813012007e-01,1.493726785706090299e+00
1.255199948800000000e+10,2.756004533144623680e-01,1.467635496568876263e+00
1.256000000000000000e+10,2.749272464518787706e-01,1.441757454863181964e+00
1.256800051200000000e+10,2.744820357189939330e-01,1.415454937192496265e+00
1.257600000000000000e+10,2.740421912784957170e-01,1.388457203718470367e+00
1.258399948800000000e+10,2.739503954139629327e-01,1.358161760209339208e+00
1.259200000000000000e+10,2.733355729338607931e-01,1.335041326307578435e+00
1.260000051200000000e+10,2.725566274348775186e-01,1.309093258164121698e+00
1.260800000000000000e+10,2.722174182358914063e-01,1.282444038860407698e+00
1.261599948800000000e+10,2.718172329210504223e-01,1.255744051805140371e+00
1.262400000000000000e+10,2.711577912406711866e-01,1.229267330668384117e+00
1.263200051200000000e+10,2.706679057660983934e-01,1.203662538708434981e+00
1.264000000000000000e+10,2.700495613422895791e-01,1.177857608886050622e+00
1.264799948800000000e+10,2.694858888787673434e-01,1.151264039573930642e+00
1.265600000000000000e+10,2.691850076393976776e-01,1.121871547825040283e+00
1.266400051200000000e+10,2.695022249335006781e-01,1.095639468937263716e+00
1.267200000000000000e+10,2.679740331908294637e-01,1.073669072049354911e+00
1.267999948800000000e+10,2.674138267439341021e-01,1.047909049976989859e+00
1.268800000000000000e+10,2.669803503436868897e-01,1.020755105523751594e+00
1.269600051200000000e+10,2.665818660085524927e-01,9.944987032197281085e-01
1.270400000000000000e+10,2.660976551015137859e-01,9.679671240946368105e-01
1.271199948800000000e+10,2.656154920692850308e-01,9.416196458783829826e-01
1.272000000000000000e+10,2.653803187386361562e-01,9.159768903885071589e-01
1.272800051200000000e+10,2.646793938342759112e-01,8.901565032570568636e-01
1.273600000000000000e+10,2.653150961280358322e-01,8.691739462471241850e-01
1.274399948800000000e+10,2.643306224472685706e-01,8.364811167507897327e-01
1.275200000000000000e+10,2.638246552140833256e-01,8.098172782766906996e-01
1.276000051200000000e+10,2.632954332280460497e-01,7.844461610038042654e-01
1.276800000000000000e+10,2.628093388945351716e-01,7.575659293371493908e-01
1.277599948800000000e+10,2.622744344358710622e-01,7.312449211589521214e-01
1.278400000000000000e+10,2.618275788706038165e-01,7.063183883188112189e-01
1.279200051200000000e+10,2.606186464283886117e-01,6.846108314440613185e-01
1.280000000000000000e+10,2.610023293514411313e-01,6.541129981264047766e-01
1.280799948800000000e+10,2.608245531954096474e-01,6.284784793115207879e-01
1.281600000000000000e+10,2.605331793385703976e-01,5.995205720146654649e-01
1.282400051200000000e+10,2.601265738554024431e-01,5.742496124156402093e-01
1.283200000000000000e+10,2.596626773077767569e-01,5.477402425046076218e-01
1.283999948800000000e+10,2.592407945465846630e-01,5.213990291701595670e-01
1.284800000000000000e+10,2.588800246525056470e-01,4.946961911865166428e-01
1.285600051200000000e+10,2.584035510649856926e-01,4.681076726972656643e-01
1.286400000000000000e+10,2.581376093967038265e-01,4.416984783887079047e-01
1.287199948800000000e+10,2.585287250241062318e-01,4.125031751285565540e-01
1.288000000000000000e+10,2.572443953769595337e-01,3.897919394482391442e-01
1.288800051200000000e+10,2.568808326131873931e-01,3.636932334898624886e-01
1.289600000000000000e+10,2.564660634709433062e-01,3.373306119805373204e-01
1.290399948800000000e+10,2.559541008053074496e-01,3.109887039066860370e-01
1.291200000000000000e+10,2.555564171838510257e-01,2.859814007146620485e-01
1.292000051200000000e+10,2.551807140294712895e-01,2.598493554227376823e-01
1.292800000000000000e+10,2.547603945881861676e-01,2.328088107887254787e-01
1.293599948800000000e+10,2.540785848416257098e-01,2.012146373607310024e-01
1.294400000000000000e+10,2.544641827011684954e-01,1.762989895243330107e-01
1.295200051200000000e+10,2.538323471158969169e-01,1.539783495491237053e-01
1.296000000000000000e+10,2.534268861066721334e-01,1.276483640605297898e-01
1.296799948800000000e+10,2.530897746831339834e-01,1.004725632243603367e-01
1.297600000000000000e+10,2.527187771706414510e-01,7.437838538327125326e-02
1.298400051200000000e+10,2.521782037578331748e-01,4.773668848118824137e-02
1.299200000000000000e+10,2.518235357375391281e-01,2.232542680168465160e-02
1.299999948800000000e+10,2.514874639464568240e-01,-2.961617253485061656e-03
1.300800000000000000e+10,2.509165808139215414e-01,-2.965318027280312851e-02
1.301600051200000000e+10,2.502675588483764813e-01,-5.722655584933826478e-02
1.302400000000000000e+10,2.502836754835078281e-01,-8.376322063972635457e-02
1.303199948800000000e+10,2.498778447270006697e-01,-1.078889662454066006e-01
1.304000000000000000e+10,2.495731236136927711e-01,-1.328230819200765522e-01
1.304800051200000000e+10,2.491816957587820458e-01,-1.602768944760457615e-01
1.305600000000000000e+10,2.489362361710220628e-01,-1.888513764518561511e-01
1.306399948800000000e+10,2.484013528133509341e-01,-2.128816455735037527e-01
1.307200000000000000e+10,2.480623409563645354e-01,-2.387765859254271372e-01
1.308000051200000000e+10,2.478002737576211756e-01,-2.654432900997537037e-01
1.308800000000000000e+10,2.474632390144234917e-01,-2.901195555217808697e-01
1.309599948800000000e+10,2.475263821863039337e-01,-3.175115718521841490e-01
1.310400000000000000e+10,2.470247629187505012e-01,-3.444299413683504230e-01
1.311200051200000000e+10,2.464213198429840157e-01,-3.706613771778647926e-01
1.312000000000000000e+10,2.460011514343586336e-01,-3.959619459696474553e-01
1.312799948800000000e+10,2.455965203781639850e-01,-4.219356916157290804e-01
1.313600000000000000e+10,2.451706609555776295e-01,-4.483344981502984106e-01
1.314400051200000000e+10,2.445616229988369084e-01,-4.764707108888092124e-01
1.315200000000000000e+10,2.447215398916788298e-01,-5.019372097439745994e-01
1.315999948800000000e+10,2.443274885468849911e-01,-5.252879242202835863e-01
1.316800000000000000e+10,2.440075518731611437e-01,-5.523033403428790900e-01
1.317600051200000000e+10,2.439522780722160888e-01,-5.809792593449204512e-01
1.318400000000000000e+10,2.433538668069380184e-01,-6.055107118003036915e-01
1.319199948800000000e+10,2.430193131352549885e-01,-6.310122488755262049e-01
1.320000000000000000e+10,2.427126371684310557e-01,-6.570370886689074208e-01
1.320800051200000000e+10,2.423781483830232120e-01,-6.829602202124341881e-01
1.321600000000000000e+10,2.420326692892900144e-01,-7.088963043512837015e-01
1.322399948800000000e+10,2.417526598489162515e-01,-7.356146201866432532e-01
1.323200000000000000e+10,2.416175037471050557e-01,-7.659152375994695561e-01
1.324000051200000000e+10,2.411836171987846444e-01,-7.863978648969960350e-01
1.324800000000000000e+10,2.408561477450736066e-01,-8.126690797772221364e-01
1.325599948800000000e+10,2.405347371434749248e-01,-8.386513174088375822e-01
1.326400000000000000e+10,2.401507288179590693e-01,-8.646451821910327018e-01
1.327200051200000000e+10,2.398836320429386937e-01,-8.901253363831798104e-01
1.328000000000000000e+10,2.397913682036677541e-01,-9.155395585319938689e-01
1.328799948800000000e+10,2.393393418480769252e-01,-9.423210315140271298e-01
1.329600000000000000e+10,2.380376627377657761e-01,-9.739287342535610792e-01
1.330400051200000000e+10,2.394042494149373479e-01,-9.980786097688845171e-01
1.331200000000000000e+10,2.386880529282361108e-01,-1.021358370357313694e+00
1.331999948800000000e+10,2.384277207765743145e-01,-1.047117715246968839e+00
1.332800000000000000e+10,2.381093050290599422e-01,-1.073803260735124221e+00
1.333600051200000000e+10,2.376995226912501091e-01,-1.100108156947089411e+00
1.334400000000000000e+10,2.374682931967431743e-01,-1.125353548927129799e+00
1.335199948800000000e+10,2.372504842774426637e-01,-1.151526962672465126e+00
1.336000000000000000e+10,2.371116978507694650e-01,-1.176403288208661913e+00
1.336800051200000000e+10,2.366208746386118944e-01,-1.202798145938537511e+00
1.337600000000000000e+10,2.360032700878775258e-01,-1.229285501474896458e+00
1.338399948800000000e+10,2.360566968287008127e-01,-1.255250576935172724e+00
1.339200000000000000e+10,2.361293268617198626e-01,-1.280471906245265412e+00
1.340000051200000000e+10,2.360192697554648333e-01,-1.306425079645717746e+00
1.340800000000000000e+10,2.357003331627244569e-01,-1.332663434796799162e+00
1.341599948800000000e+10,2.348767546024765895e-01,-1.361994651888165597e+00
1.342400000000000000e+10,2.353228879314135102e-01,-1.386240700705615891e+00
1.343200051200000000e+10,2.351573785937654537e-01,-1.410732919497481586e+00
1.344000000000000000e+10,2.349132930073525860e-01,-1.437939817851942914e+00
1.344799948800000000e+10,2.350533697696118307e-01,-1.462694580239550124e+00
1.345600000000000000e+10,2.348679466163688112e-01,-1.491434409239105863e+00
1.346400051200000000e+10,2.343055570998779924e-01,-1.517106195478696407e+00
1.347200000000000000e+10,2.340649369736339525e-01,-1.542080192793472637e+00
1.347999948800000000e+10,2.339660499155522821e-01,-1.567857041313926558e+00
1.348800000000000000e+10,2.336499155387022353e-01,-1.593218458368986790e+00
1.349600051200000000e+10,2.334775397566825617e-01,-1.619155345063734597e+00
1.350400000000000000e+10,2.327733909985735539e-01,-1.646302039864876665e+00
1.351199948800000000e+10,2.328544745477877653e-01,-1.673550328067916704e+00
1.352000000000000000e+10,2.331235323961402817e-01,-1.696929200558531692e+00
1.352800051200000000e+10,2.328339636385790001e-01,-1.723734528097263574e+00
1.353600000000000000e+10,2.325884594118540205e-01,-1.750115333340355184e+00
1.354399948800000000e+10,2.322391714369953508e-01,-1.777837894162967558e+00
1.355200000000000000e+10,2.324719360820465541e-01,-1.803462841135570205e+00
1.356000051200000000e+10,2.321754727970667675e-01,-1.828094703556716771e+00
1.356800000000000000e+10,2.319258811989433067e-01,-1.854503025612878941e+00
1.357599948800000000e+10,2.318541366219931399e-01,-1.879925974379054843e+00
1.358400000000000000e+10,2.337217943769011874e-01,-1.904436344763406730e+00
1.359200051200000000e+10,2.315341414604276948e-01,-1.932717111366760498e+00
1.360000000000000000e+10,2.315225631709519338e-01,-1.957905547359019671e+00
1.360799948800000000e+10,2.312855351469454701e-01,-1.984436238719295309e+00
1.361600000000000000e+10,2.310338102635016988e-01,-2.010650734127591654e+00
1.362400051200000000e+10,2.308103077561988459e-01,-2.036314278144472301e+00
1.363200000000000000e+10,2.308238809275002246e-01,-2.062645726618483888e+00
1.363999948800000000e+10,2.308714476127749493e-01,-2.088927480476278742e+00
1.364800000000000000e+10,2.306071503069731243e-01,-2.115165573834014268e+00
1.365600051200000000e+10,2.296501857140460234e-01,-2.139285509053173051e+00
1.366400000000000000e+10,2.301948153310872103e-01,-2.167346985490314015e+00
1.367199948800000000e+10,2.302117233593374002e-01,-2.195380991029741491e+00
1.368000000000000000e+10,2.300195439481488302e-01,-2.222091792153226386e+00
1.368800051200000000e+10,2.298512208981002836e-01,-2.248099474341466841e+00
1.369600000000000000e+10,2.295789580170573829e-01,-2.274769874337514430e+00
1.370399948800000000e+10,2.295969964251544648e-01,-2.300546993643906468e+00
1.371200000000000000e+10,2.295215898180041625e-01,-2.327137795211649873e+00
1.372000051200000000e+10,2.294472739673226735e-01,-2.353519154387369472e+00
1.372800000000000000e+10,2.293016416130198298e-01,-2.379315392274871321e+00
1.373599948800000000e+10,2.280935273925064344e-01,-2.404913830888545156e+00
1.374400000000000000e+10,2.291319947122566203e-01,-2.433289242265058050e+00
1.375200051200000000e+10,2.290312207213714424e-01,-2.459589955403014283e+00
1.376000000000000000e+10,2.289329083747921323e-01,-2.486506292577300048e+00
1.376799948800000000e+10,2.287392913954124918e-01,-2.512741335401230014e+00
1.377600000000000000e+10,2.285470759383333439e-01,-2.539012642268279496e+00
1.378400051200000000e+10,2.284199770776728089e-01,-2.565760441176931028e+00
1.379200000000000000e+10,2.281680089276932610e-01,-2.589285582484297965e+00
1.379999948800000000e+10,2.282440273518896723e-01,-2.619660288470830434e+00
1.380800000000000000e+10,2.277053228403412288e-01,-2.643627930493149591e+00
1.381600051200000000e+10,2.279759319851050459e-01,-2.672414421687447916e+00
1.382400000000000000e+10,2.277599613657846078e-01,-2.699623477979456343e+00
1.383199948800000000e+10,2.277344789648547974e-01,-2.725516271134595048e+00
1.384000000000000000e+10,2.277595595505782222e-01,-2.751933883220012866e+00
1.384800051200000000e+10,2.275666735722908229e-01,-2.778825814194969546e+00
1.385600000000000000e+10,2.275662170040739229e-01,-2.805047215460887866e+00
1.386399948800000000e+10,2.275090695733211488e-01,-2.832226847999493202e+00
1.387200000000000000e+10,2.274829978340824899e-01,-2.860021645967558701e+00
1.388000051200000000e+10,2.271624399940743999e-01,-2.885573748131259553e+00
1.388800000000000000e+10,2.268964157070010590e-01,-2.913861204141138916e+00
1.389599948800000000e+10,2.267175948911250571e-01,-2.939537044322287684e+00
1.390400000000000000e+10,2.266438083466630615e-01,-2.965864176264907393e+00
1.391200051200000000e+10,2.265687896423843328e-01,-2.993361290188487622e+00
1.392000000000000000e+10,2.264517035189939076e-01,-3.019882096857096077e+00
1.392799948800000000e+10,2.263499609228580012e-01,-3.046713485687627454e+00
1.393600000000000000e+10,2.266932758329562869e-01,-3.076285937475405685e+00
1.394400051200000000e+10,2.261656371597564053e-01,-3.100385977253835801e+00
1.395200000000000000e+10,2.259851000033786528e-01,-3.127479423317172103e+00
1.395999948800000000e+10,2.258871412527920230e-01,3.129219120326954151e+00
1.396800000000000000e+10,2.257541331409061991e-01,3.102313940435141415e+00
1.397600051200000000e+10,2.255995018290880838e-01,3.074862650506421158e+00
1.398400000000000000e+10,2.255341343364885287e-01,3.048613335096377774e+00
1.399199948800000000e+10,2.252874815693475252e-01,3.021466602767745258e+00
1.400000000000000000e+10,2.251492023819694210e-01,2.994146761004135904e+00
1.400800051200000000e+10,2.249961857827565970e-01,2.968251007059788282e+00
1.401600000000000000e+10,2.248875178752337556e-01,2.941478379779757457e+00
1.402399948800000000e+10,2.245795638489742341e-01,2.914854610919135780e+00
1.403200000000000000e+10,2.244761544605419767e-01,2.887155479265579583e+00
1.404000051200000000e+10,2.243447318125842971e-01,2.859238856463593326e+00
1.404800000000000000e+10,2.242392901333647159e-01,2.834218859983553163e+00
1.405599948800000000e+10,2.239382817414689031e-01,2.804540686368639513e+00
1.406400000000000000e+10,2.240559418645263201e-01,2.779872835756428184e+00
1.407200051200000000e+10,2.239083352973258167e-01,2.753160378690101329e+00
1.408000000000000000e+10,2.237313963055236610e-01,2.726002703097667013e+00
1.408799948800000000e+10,2.235325960252345368e-01,2.698363806228119444e+00
1.409600000000000000e+10,2.231967130505907448e-01,2.671567171009275654e+00
1.410400051200000000e+10,2.231338796066803520e-01,2.644923943185355952e+00
1.411200000000000000e+10,2.231099143238615135e-01,2.618133379651747195e+00
1.411999948800000000e+10,2.228504991614281283e-01,2.590648748115512490e+00
1.412800000000000000e+10,2.227623472029570395e-01,2.563806372257009691e+00
1.413600051200000000e+10,2.226006112686763905e-01,2.537283838956042370e+00
1.414400000000000000e+10,2.224608741768896725e-01,2.509979764550070769e+00
1.415199948800000000e+10,2.225312893927635649e-01,2.483515335999602947e+00
1.416000000000000000e+10,2.221596121135929469e-01,2.455833392097534595e+00
1.416800051200000000e+10,2.221532958212396047e-01,2.428964585876252524e+00
1.417600000000000000e+10,2.218952408442505797e-01,2.402240844930567665e+00
1.418399948800000000e+10,2.218694098807990067e-01,2.375740350034532433e+00
1.419200000000000000e+10,2.216043703425118749e-01,2.347542181457461297e+00
1.420000051200000000e+10,2.213781851879088602e-01,2.320877069831435158e+00
1.420800000000000000e+10,2.211202057271229038e-01,2.293084351806994547e+00
1.421599948800000000e+10,2.209013430558589286e-01,2.265698634599655481e+00
1.422400000000000000e+10,2.206182827393255164e-01,2.238398461097125924e+00
1.423200051200000000e+10,2.203087950861952471e-01,2.211049809853828485e+00
1.424000000000000000e+10,2.201538102300920619e-01,2.184063252345275874e+00
1.424799948800000000e+10,2.198652536327862228e-01,2.157174264399547514e+00
1.425600000000000000e+10,2.197484391153431971e-01,2.129943097957724518e+00
1.426400051200000000e+10,2.196299188295819105e-01,2.102814841157787384e+00
1.427200000000000000e+10,2.193897228410949252e-01,2.075284721719913961e+00
1.427999948800000000e+10,2.192151135088097058e-01,2.047892932382815889e+00
1.428800000000000000e+10,2.187267305932436845e-01,2.020289841506507145e+00
1.429600051200000000e+10,2.185182506635072741e-01,1.993392353679886098e+00
1.430400000000000000e+10,2.184990943566382238e-01,1.966125522048681296e+00
1.431199948800000000e+10,2.183922249942306382e-01,1.939115854921945825e+00
1.432000000000000000e+10,2.180710739202116888e-01,1.911306382186298780e+00
1.432800051200000000e+10,2.178505402645211919e-01,1.884684573251741435e+00
1.433600000000000000e+10,2.175443071909533288e-01,1.856898774972868704e+00
1.434399948800000000e+10,2.172978426345622549e-01,1.829661972909809808e+00
1.435200000000000000e+10,2.169891719002254582e-01,1.802812653153137434e+00
1.436000051200000000e+10,2.166740517104898400e-01,1.775297586666644278e+00
1.436800000000000000e+10,2.165445528069802061e-01,1.747841339369910374e+00
1.437599948800000000e+10,2.165418780100153151e-01,1.719396457569495107e+00
1.438400000000000000e+10,2.162955089057843894e-01,1.692702095014042563e+00
1.439200051200000000e+10,2.158829502162443459e-01,1.666605789225102052e+00
1.440000000000000000e+10,2.156101931674571370e-01,1.639042910726986157e+00
1.440799948800000000e+10,2.154383987634483077e-01,1.611537500637747033e+00
1.441600000000000000e+10,2.152208034345216014e-01,1.584487350793596150e+00
1.442400051200000000e+10,2.146972654994699081e-01,1.556837924857155109e+00
1.443200000000000000e+10,2.145034186837176671e-01,1.529895795408657388e+00
1.443999948800000000e+10,2.142871287742674491e-01,1.503159867559855867e+00
1.444800000000000000e+10,2.136765796486437552e-01,1.475414971058522484e+00
1.445600051200000000e+10,2.134026576598152813e-01,1.449903763800623357e+00
1.446400000000000000e+10,2.132682928797081934e-01,1.421707361188888186e+00
1.447199948800000000e+10,2.128592375162439154e-01,1.394002444848085664e+00
1.448000000000000000e+10,2.126158354175931020e-01,1.367124068299858441e+00
1.448800051200000000e+10,2.123399534550557688e-01,1.339310882220425825e+00
1.449600000000000000e+10,2.120065546206084117e-01,1.312239480212267217e+00
1.450399948800000000e+10,2.117140263859686455e-01,1.285346547787339810e+00
1.451200000000000000e+10,2.114290041411547028e-01,1.257856819678622395e+00
1.452000051200000000e+10,2.113675578228173535e-01,1.230868543775478496e+00
1.452800000000000000e+10,2.109185629941013607e-01,1.204276993982479782e+00
1.453599948800000000e+10,2.107288977102977634e-01,1.176897489816663089e+00
1.454400000000000000e+10,2.104580863892076270e-01,1.149322163422329623e+00
1.455200051200000000e+10,2.101317011335230300e-01,1.121735869633265992e+00
1.456000000000000000e+10,2.097590679180246775e-01,1.095066562712555536e+00
1.456799948800000000e+10,2.093602031340334735e-01,1.067862419243279071e+00
1.457600000000000000e+10,2.088927691190374525e-01,1.040384354794729349e+00
1.458400051200000000e+10,2.085923112125073753e-01,1.013962709651886840e+00
1.459200000000000000e+10,2.083393982650660892e-01,9.868949451095692105e-01
1.459999948800000000e+10,2.080206422374873965e-01,9.594135815011219925e-01
1.460800000000000000e+10,2.077863327821179440e-01,9.325065304500755881e-01
1.461600051200000000e+10,2.075173724241025641e-01,9.045400879113896231e-01
1.462400000000000000e+10,2.071943236704123781e-01,8.775181949192294439e-01
1.463199948800000000e+10,2.068749930810705739e-01,8.506090548722989864e-01
1.464000000000000000e+10,2.066169875531349842e-01,8.228472120234995302e-01
1.464800051200000000e+10,2.060336457892402717e-01,7.967861216147483772e-01
1.465600000000000000e+10,2.060642489557490686e-01,7.710417854766407064e-01
1.466399948800000000e+10,2.057361370802675560e-01,7.411952249268352055e-01
1.467200000000000000e+10,2.052239134420451583e-01,7.139479779733499676e-01
1.468000051200000000e+10,2.048162881257854784e-01,6.877712471333441435e-01
1.468800000000000000e+10,2.044836241063733850e-01,6.603609667280386786e-01
1.469599948800000000e+10,2.040947818445333906e-01,6.335689836748991111e-01
1.470400000000000000e+10,2.036474070597858177e-01,6.066216486709323785e-01
1.471200051200000000e+10,2.033064795637204436e-01,5.805706659263797365e-01
1.472000000000000000e+10,2.030654063165401868e-01,5.534937199933525065e-01
1.472799948800000000e+10,2.026122581232566167e-01,5.272439995164006632e-01
1.473600000000000000e+10,2.026278542215281531e-01,5.022240113372850034e-01
1.474400051200000000e+10,2.023630045056269700e-01,4.732732708065983118e-01
1.475200000000000000e+10,2.019837343261456919e-01,4.456495129391119803e-01
1.475999948800000000e+10,2.016248017600702491e-01,4.189837225188021708e-01
1.476800000000000000e+10,2.012720792371970879e-01,3.911138598499960817e-01
1.477600051200000000e+10,2.009324090324526302e-01,3.642337853690499339e-01
1.478400000000000000e+10,2.004525352503164215e-01,3.375709808275854096e-01
1.479199948800000000e+10,2.000508321787798083e-01,3.114202521840434557e-01
1.480000000000000000e+10,1.998240412150371903e-01,2.846870214658662190e-01
1.480800051200000000e+10,1.992529748993338290e-01,2.594299944434290128e-01
1.481600000000000000e+10,1.993393307518828705e-01,2.330194426262607588e-01
1.482399948800000000e+10,1.987944598471318158e-01,2.051875895675020212e-01
1.483200000000000000e+10,1.984081478275260269e-01,1.777743697498709863e-01
1.484000051200000000e+10,1.980667765578457418e-01,1.516030735092444570e-01
1.484800000000000000e+10,1.977209604292634870e-01,1.244063328193727724e-01
1.485599948800000000e+10,1.974075779662011199e-01,9.710741140722430054e-02
1.486400000000000000e+10,1.971308125970292480e-01,7.067601423112208903e-02
1.487200051200000000e+10,1.967770559891873494e-01,4.334582302355045880e-02
1.488000000000000000e+10,1.965203940162918994e-01,1.669273811262597315e-02
1.488799948800000000e+10,1.961495357825729646e-01,-9.741065797424633410e-03
1.489600000000000000e+10,1.957747915419272289e-01,-3.639165531198700065e-02
1.490400051200000000e+10,1.953666550238372934e-01,-6.063122107126885790e-02
1.491200000000000000e+10,1.954307409375604654e-01,-8.877564795845321877e-02
1.491999948800000000e+10,1.946790173164966442e-01,-1.162681895460729586e-01
1.492800000000000000e+10,1.942641308768562336e-01,-1.426663956712280190e-01
1.493600051200000000e+10,1.939454911375481649e-01,-1.690768376876272960e-01
1.494400000000000000e+10,1.936246142172771689e-01,-1.954477775663344408e-01
1.495199948800000000e+10,1.933417390671908209e-01,-2.215279570561060618e-01
1.496000000000000000e+10,1.930233133521395694e-01,-2.482362122449755792e-01
1.496800051200000000e+10,1.927411203254146832e-01,-2.748314528605575457e-01
1.497600000000000000e+10,1.924623795279084004e-01,-3.014393857970477653e-01
1.498399948800000000e+10,1.921246394622599107e-01,-3.286927736332343475e-01
1.499200000000000000e+10,1.919288360084641654e-01,-3.550283802042190073e-01
1.500000051200000000e+10,1.916274044444656044e-01,-3.820075256385473406e-01
