7.000000000000000000e+09,3.926189842835808852e-01,6.958182617292136829e-01
7.010999808000000000e+09,3.941034495697583462e-01,1.262841587391337339e-01
7.022000128000000000e+09,4.044159443245659014e-01,-4.505160732754322495e-01
7.032999936000000000e+09,4.148792369116655609e-01,-1.061295420238789200e+00
7.043999744000000000e+09,4.142127919961344218e-01,-1.685427809789345810e+00
7.055000064000000000e+09,4.032781764304125272e-01,-2.286443110032301274e+00
7.065999872000000000e+09,3.959423657655744555e-01,-2.855536241007567977e+00
7.077000192000000000e+09,4.013760672740063762e-01,2.861073312410296943e+00
7.088000000000000000e+09,4.137699196234413956e-01,2.265935807182140937e+00
7.098999808000000000e+09,4.181093242618982297e-01,1.642309506886478809e+00
7.110000128000000000e+09,4.091594615419607561e-01,1.026147751679842735e+00
7.120999936000000000e+09,3.977441321494460391e-01,4.427563510817513759e-01
7.132000256000000000e+09,3.963743179118285331e-01,-1.200785619971394547e-01
7.143000064000000000e+09,4.067923684108321059e-01,-6.946510590375851724e-01
7.153999872000000000e+09,4.191863784747737465e-01,-1.301116318938290384e+00
7.165000192000000000e+09,4.203905286969500388e-01,-1.923879504433703369e+00
7.176000000000000000e+09,4.105301588320655060e-01,-2.530272879958007426e+00
7.186999808000000000e+09,4.017859288973741894e-01,-3.109910480106096387e+00
7.198000128000000000e+09,4.014510789690770021e-01,2.602354944487347943e+00
7.208999936000000000e+09,4.084550761813467989e-01,2.015969643136209744e+00
7.219999744000000000e+09,4.142046091416574094e-01,1.411979354370713313e+00
7.231000064000000000e+09,4.135268695025209884e-01,8.049444397019276387e-01
7.241999872000000000e+09,4.091640685658346488e-01,2.085339022023889322e-01
7.253000192000000000e+09,4.061292485757836968e-01,-3.788298914859577482e-01
7.264000000000000000e+09,4.055461356132127881e-01,-9.679737842808886494e-01
7.274999808000000000e+09,4.064871848067330151e-01,-1.559667617952740892e+00
7.286000128000000000e+09,4.077154699245702507e-01,-2.153693885622252502e+00
7.296999936000000000e+09,4.090101232145332832e-01,-2.749263639394814884e+00
7.308000256000000000e+09,4.080592626962480374e-01,2.937277724002429924e+00
7.319000064000000000e+09,4.050631030844927261e-01,2.341581540987585086e+00
7.329999872000000000e+09,4.015653966341439229e-01,1.751662683018149202e+00
7.341000192000000000e+09,4.009605095495105687e-01,1.167591283137183966e+00
7.352000000000000000e+09,4.053470531531351839e-01,5.809678597924089472e-01
7.362999808000000000e+09,4.115048911909933715e-01,-1.565463465815304656e-02
7.374000128000000000e+09,4.125210336921971699e-01,-6.264923311696871666e-01
7.384999936000000000e+09,4.055171453616080446e-01,-1.232697523517134464e+00
7.395999744000000000e+09,3.968461411235827963e-01,-1.818965254941680154e+00
7.407000064000000000e+09,3.960360437285964097e-01,-2.391658777161671967e+00
7.417999872000000000e+09,4.039932070037092204e-01,-2.973687452070599146e+00
7.429000192000000000e+09,4.118677671475073354e-01,2.702241022177267915e+00
7.440000000000000000e+09,4.095676072939115619e-01,2.083360843492484182e+00
7.450999808000000000e+09,3.983603821937157230e-01,1.481030090109357156e+00
7.462000128000000000e+09,3.904077861497226576e-01,8.991394605966904763e-01
7.472999936000000000e+09,3.905963371883303115e-01,3.274784242335096462e-01
7.484000256000000000e+09,3.979404002204408042e-01,-2.558142946422894970e-01
7.495000064000000000e+09,4.046011624551270058e-01,-8.602368292625903745e-01
7.505999872000000000e+09,4.014811687533332840e-01,-1.472527122465537630e+00
7.517000192000000000e+09,3.919399558168423781e-01,-2.068932165673407653e+00
7.528000000000000000e+09,3.862573848295002832e-01,-2.646624009757620133e+00
7.538999808000000000e+09,3.882203541548758241e-01,3.059684674642780156e+00
7.550000128000000000e+09,3.943076617417024532e-01,2.467566675341876792e+00
7.560999936000000000e+09,3.973526625859314376e-01,1.860730976403333514e+00
7.571999744000000000e+09,3.938173564555653150e-01,1.251833994770804814e+00
7.583000064000000000e+09,3.865398084389859990e-01,6.545377271891620330e-01
7.593999872000000000e+09,3.806627118031484791e-01,7.054101940199951348e-02
7.605000192000000000e+09,3.790246521551901004e-01,-5.066108817821355359e-01
7.616000000000000000e+09,3.815963265068291199e-01,-1.086273062563862135e+00
7.626999808000000000e+09,3.863801280645007274e-01,-1.677982296636980175e+00
7.638000128000000000e+09,3.892197150622245805e-01,-2.283634402552485287e+00
7.648999936000000000e+09,3.864858070871447504e-01,-2.894989406684732369e+00
7.660000256000000000e+09,3.796949471043738478e-01,2.786542391437215382e+00
7.671000064000000000e+09,3.727402849228653170e-01,2.200224695249629825e+00
7.681999872000000000e+09,3.705102507460898975e-01,1.623019289791851616e+00
7.693000192000000000e+09,3.737550302019827519e-01,1.039147953927072932e+00
7.704000000000000000e+09,3.774106152654073676e-01,4.391126342793564841e-01
7.714999808000000000e+09,3.752371868546741651e-01,-1.687151585865368508e-01
7.726000128000000000e+09,3.670483192909415604e-01,-7.649012437239112172e-01
7.736999936000000000e+09,3.604096061715912902e-01,-1.340079836168378558e+00
7.747999744000000000e+09,3.617120504663378089e-01,-1.907219874029265849e+00
7.759000064000000000e+09,3.706623575657955194e-01,-2.496281594495736833e+00
7.769999872000000000e+09,3.765573381921812346e-01,-3.115407145926045729e+00
7.781000192000000000e+09,3.700327306904169777e-01,2.542715210777592549e+00
7.792000000000000000e+09,3.560176920805404044e-01,1.944505775569464134e+00
7.802999808000000000e+09,3.463309020659404158e-01,1.377126500364054262e+00
7.814000128000000000e+09,3.464258954361257858e-01,8.189481762731545267e-01
7.824999936000000000e+09,3.544842233350065097e-01,2.428800467747812830e-01
7.836000256000000000e+09,3.621885075680951194e-01,-3.605470766271630656e-01
7.847000064000000000e+09,3.616845368769858182e-01,-9.764047832840849761e-01
7.857999872000000000e+09,3.542756006308306893e-01,-1.580073492168178939e+00
7.869000192000000000e+09,3.476243853526753136e-01,-2.164442052903376545e+00
7.880000000000000000e+09,3.459107859341922775e-01,-2.742600835342221544e+00
7.890999808000000000e+09,3.475955814076384098e-01,2.954683232840931595e+00
7.902000128000000000e+09,3.485941599333786112e-01,2.357422313088068488e+00
7.912999936000000000e+09,3.464007629353139661e-01,1.754536318336800571e+00
7.923999744000000000e+09,3.409051003019119563e-01,1.158511298546191393e+00
7.935000064000000000e+09,3.348870889598031808e-01,5.740401451453512882e-01
7.945999872000000000e+09,3.311269769571053567e-01,3.372009935530540219e-04
7.957000192000000000e+09,3.318221042088778661e-01,-5.712911624495188301e-01
7.968000000000000000e+09,3.371118817807762236e-01,-1.153062328495504163e+00
7.978999808000000000e+09,3.433862696306723694e-01,-1.753856757963289992e+00
7.990000128000000000e+09,3.442257135529477874e-01,-2.370215198668772061e+00
8.000999936000000000e+09,3.368734188680924113e-01,-2.980308608976371065e+00
8.012000256000000000e+09,3.258766935648340635e-01,2.720041521399497064e+00
8.023000064000000000e+09,3.209461258052550559e-01,2.157428992334594398e+00
8.033999872000000000e+09,3.247735737109460064e-01,1.590788747821286986e+00
8.045000192000000000e+09,3.322460941336328188e-01,9.981523345620010312e-01
8.056000000000000000e+09,3.342691237720604724e-01,3.852006433067038382e-01
8.066999808000000000e+09,3.273769646155332280e-01,-2.187982383216612869e-01
8.078000128000000000e+09,3.195717311654869830e-01,-7.954282828807656136e-01
8.088999936000000000e+09,3.197606171550134158e-01,-1.358979422572226481e+00
8.099999744000000000e+09,3.279637149063146517e-01,-1.941609715433278982e+00
8.111000064000000000e+09,3.360818406784457091e-01,-2.561097733305624402e+00
8.121999872000000000e+09,3.307714139604610581e-01,3.090635097893982053e+00
8.133000192000000000e+09,3.160069433497098013e-01,2.491295127876408166e+00
8.144000000000000000e+09,3.055112422601473088e-01,1.932901376635646207e+00
8.154999808000000000e+09,3.063787500580048007e-01,1.386903565688410556e+00
8.166000128000000000e+09,3.167883675481565353e-01,8.185920961543259322e-01
8.176999936000000000e+09,3.281529715936503666e-01,2.117019946611440606e-01
8.188000256000000000e+09,3.295688016564541356e-01,-4.166074774794577551e-01
8.199000064000000000e+09,3.209243373488914752e-01,-1.030472884477756201e+00
8.209999872000000000e+09,3.115340886009164145e-01,-1.618942535205496913e+00
8.221000192000000000e+09,3.069389105355113667e-01,-2.191475896378559884e+00
8.232000000000000000e+09,3.074398428061597688e-01,-2.765457830161792252e+00
8.242999808000000000e+09,3.101407979810560378e-01,2.933655376556386418e+00
8.254000128000000000e+09,3.119208748873377179e-01,2.341819861709892425e+00
8.264999936000000000e+09,3.119031520932682433e-01,1.748119563841351809e+00
8.275999744000000000e+09,3.105036614144564555e-01,1.153870609544573655e+00
8.287000064000000000e+09,3.077091466218499494e-01,5.632311351253437293e-01
8.297999872000000000e+09,3.050874602332844243e-01,-1.986816823918028524e-02
8.309000192000000000e+09,3.055831027413515311e-01,-6.004537491637131907e-01
8.320000000000000000e+09,3.090988850251689124e-01,-1.188994597605451897e+00
8.330999808000000000e+09,3.114861627963428359e-01,-1.793720222744342063e+00
8.342000128000000000e+09,3.072585984141577575e-01,-2.403760420878924275e+00
8.352999936000000000e+09,2.978414535942995323e-01,-2.995152522239016513e+00
8.364000256000000000e+09,2.908075512923263273e-01,2.722116645739462992e+00
8.375000064000000000e+09,2.917725604577301457e-01,2.165320211881322621e+00
8.385999872000000000e+09,3.000192582708016698e-01,1.590198662937883256e+00
8.397000192000000000e+09,3.077572026113163384e-01,9.827007415926197753e-01
8.408000000000000000e+09,3.060352414081599082e-01,3.629220894165739453e-01
8.418999808000000000e+09,2.975313039434679396e-01,-2.366449660775274688e-01
8.430000128000000000e+09,2.915729228160842679e-01,-8.109828608237460434e-01
8.440999936000000000e+09,2.926992971490406936e-01,-1.381772033133906508e+00
8.451999744000000000e+09,2.972511220210047878e-01,-1.973758745396385184e+00
8.463000064000000000e+09,2.962484367744902536e-01,-2.583952411958860385e+00
8.473999872000000000e+09,2.882051754746804417e-01,3.101796043101251232e+00
8.485000192000000000e+09,2.809286598633581877e-01,2.533385687928354724e+00
8.496000000000000000e+09,2.812006131020442501e-01,1.977950366514594771e+00
8.506999808000000000e+09,2.896276277484143846e-01,1.409352441012827084e+00
8.518000128000000000e+09,2.997490441618737567e-01,8.057984017233174034e-01
8.528999936000000000e+09,3.009634828631411185e-01,1.781161378309447929e-01
8.540000256000000000e+09,2.917176089810632478e-01,-4.370637286115822695e-01
8.551000064000000000e+09,2.806401956421586408e-01,-1.021024888209931980e+00
8.561999872000000000e+09,2.753804192665769701e-01,-1.586808685257743878e+00
8.573000192000000000e+09,2.757176268639112693e-01,-2.152061883901795092e+00
8.584000000000000000e+09,2.786125305893535353e-01,-2.727083094356030468e+00
8.595000320000000000e+09,2.812339581710135428e-01,2.972590044549558996e+00
8.606000128000000000e+09,2.827188635308870435e-01,2.382378663437413113e+00
8.616999936000000000e+09,2.833467280787306253e-01,1.787422928889700779e+00
8.627999744000000000e+09,2.826803148298978052e-01,1.191549737662347397e+00
8.638999552000000000e+09,2.804992401345551833e-01,5.996900676662999530e-01
8.650000384000000000e+09,2.780781838588193278e-01,1.568337286027506744e-02
8.661000192000000000e+09,2.767215143749396922e-01,-5.630180342287393058e-01
8.672000000000000000e+09,2.773321097768098320e-01,-1.145817007609927884e+00
8.682999808000000000e+09,2.775113845899591092e-01,-1.735423351035790596e+00
8.693999616000000000e+09,2.755434927784746746e-01,-2.323654222229726951e+00
8.705000448000000000e+09,2.731840637334104205e-01,-2.900435815933578354e+00
8.716000256000000000e+09,2.740379424783255802e-01,2.814822799799781450e+00
8.727000064000000000e+09,2.793432916043551706e-01,2.237924337196191438e+00
8.737999872000000000e+09,2.849301001284181289e-01,1.639898696683973700e+00
8.748999680000000000e+09,2.848721318726331608e-01,1.029733710547436454e+00
8.760000512000000000e+09,2.810189529763557070e-01,4.297669468106664614e-01
8.771000320000000000e+09,2.770366642316354766e-01,-1.496374792212993021e-01
8.782000128000000000e+09,2.774093653072893240e-01,-7.206296547864720070e-01
8.792999936000000000e+09,2.812019097705363846e-01,-1.302050736510693252e+00
8.803999744000000000e+09,2.831658375862244337e-01,-1.898962785439842316e+00
8.814999552000000000e+09,2.807523123689432687e-01,-2.494452551906332971e+00
8.826000384000000000e+09,2.777073330026217368e-01,-3.072824375163777155e+00
8.837000192000000000e+09,2.792611989577146181e-01,2.643419706482989184e+00
8.848000000000000000e+09,2.866753373374629765e-01,2.066500058065224188e+00
8.858999808000000000e+09,2.935746978896563442e-01,1.463529077127272648e+00
8.869999616000000000e+09,2.936836909577102972e-01,8.458636921458276836e-01
8.881000448000000000e+09,2.869460079272534436e-01,2.411192421309260592e-01
8.892000256000000000e+09,2.802513394758591736e-01,-3.384465330775582870e-01
8.903000064000000000e+09,2.789709597082655201e-01,-9.028670399895826204e-01
8.913999872000000000e+09,2.834857076422285793e-01,-1.469731553694951787e+00
8.924999680000000000e+09,2.901756439256056308e-01,-2.055263581625917269e+00
8.935999488000000000e+09,2.946712149148524307e-01,-2.655411047646311751e+00
8.947000320000000000e+09,2.956747631094103212e-01,3.024938098797019137e+00
8.958000128000000000e+09,2.947721271834169987e-01,2.430382435342758107e+00
8.968999936000000000e+09,2.941186331989265601e-01,1.841650983717464829e+00
8.979999744000000000e+09,2.939681099303498857e-01,1.253825610258736845e+00
8.990999552000000000e+09,2.939478568185318053e-01,6.664603277994185504e-01
9.002000384000000000e+09,2.945691651114233367e-01,7.931438916391869709e-02
9.013000192000000000e+09,2.964427746469699421e-01,-5.109474280156306447e-01
9.024000000000000000e+09,2.975296108863099698e-01,-1.103006685050299307e+00
9.034999808000000000e+09,2.975298289944546815e-01,-1.693951195850371017e+00
9.045999616000000000e+09,2.972294501492432905e-01,-2.280965526959918055e+00
9.057000448000000000e+09,2.982684364655272535e-01,-2.867008464795575584e+00
9.068000256000000000e+09,3.006538346170019582e-01,2.825721225256683677e+00
9.079000064000000000e+09,3.023799502682586460e-01,2.229692111660623421e+00
9.089999872000000000e+09,3.019885268172460835e-01,1.633069672355201840e+00
9.100999680000000000e+09,3.003512589067415250e-01,1.042632113134007721e+00
9.112000512000000000e+09,2.992559894730328351e-01,4.593106139481581418e-01
9.123000320000000000e+09,3.009504674173510419e-01,-1.241874444747389644e-01
9.134000128000000000e+09,3.040419694254604677e-01,-7.161915451996879733e-01
9.144999936000000000e+09,3.054661926871876099e-01,-1.315273294590247000e+00
9.155999744000000000e+09,3.041042669682406108e-01,-1.909760970249125611e+00
9.166999552000000000e+09,3.021994577579691366e-01,-2.493869999089705747e+00
9.178000384000000000e+09,3.031147351934295187e-01,-3.075045246669072974e+00
9.189000192000000000e+09,3.067375853353927484e-01,2.618501935246490220e+00
9.200000000000000000e+09,3.096314322367271776e-01,2.015088478878010125e+00
9.210999808000000000e+09,3.094400789043240119e-01,1.413374715448848962e+00
9.221999616000000000e+09,3.062949998391920059e-01,8.182537652057697564e-01
9.233000448000000000e+09,3.036580659824096307e-01,2.348180593796951876e-01
9.244000256000000000e+09,3.046263334036633519e-01,-3.444162230727940144e-01
9.255000064000000000e+09,3.085311229814644007e-01,-9.302951974104068933e-01
9.265999872000000000e+09,3.120446650656897858e-01,-1.526669046706050858e+00
9.276999680000000000e+09,3.128721702890313039e-01,-2.128494655002716396e+00
9.287999488000000000e+09,3.111330649289719696e-01,-2.726989882116811703e+00
9.299000320000000000e+09,3.089261618253729691e-01,2.965050924972471691e+00
9.310000128000000000e+09,3.083328387807036663e-01,2.379014959325021827e+00
9.320999936000000000e+09,3.095315951682036104e-01,1.791351979987079401e+00
9.331999744000000000e+09,3.114791320112403339e-01,1.198496642430758818e+00
9.342999552000000000e+09,3.126813950089806782e-01,6.004508316147133540e-01
9.354000384000000000e+09,3.121456441342759791e-01,3.204890361566834801e-03
9.365000192000000000e+09,3.104320249038199919e-01,-5.875954065050660313e-01
9.376000000000000000e+09,3.092498470776103292e-01,-1.174594168542198114e+00
9.386999808000000000e+09,3.095543841520978501e-01,-1.761079518504793606e+00
9.397999616000000000e+09,3.110391579960453678e-01,-2.351167768925864987e+00
9.409000448000000000e+09,3.128474829356490128e-01,-2.947747414256638887e+00
9.420000256000000000e+09,3.131628671210786030e-01,2.736975413658715439e+00
9.431000064000000000e+09,3.120308676475310738e-01,2.141928929702549667e+00
9.441999872000000000e+09,3.108647582291514944e-01,1.552052003632735211e+00
9.452999680000000000e+09,3.110255381616750525e-01,9.626491247598096823e-01
9.464000512000000000e+09,3.123439154584559674e-01,3.664232349665253463e-01
9.475000320000000000e+09,3.123264009588870849e-01,-2.327668234101031297e-01
9.486000128000000000e+09,3.102182761297459512e-01,-8.282576818596668611e-01
9.496999936000000000e+09,3.078979809846732474e-01,-1.414493946873956354e+00
9.507999744000000000e+09,3.070411968653589119e-01,-1.996653862118387801e+00
9.518999552000000000e+09,3.091647332910261725e-01,-2.581595936713592998e+00
9.530000384000000000e+09,3.127050010364301746e-01,3.106501239262283498e+00
9.541000192000000000e+09,3.141114267293748097e-01,2.501956189617919879e+00
9.552000000000000000e+09,3.117810272817911343e-01,1.898734365965778270e+00
9.562999808000000000e+09,3.073875251567201317e-01,1.306827980313274962e+00
9.573999616000000000e+09,3.050432334913643073e-01,7.257953021202431243e-01
9.585000448000000000e+09,3.065448341474330540e-01,1.451729469862675648e-01
9.596000256000000000e+09,3.101902787162646447e-01,-4.453902665928020088e-01
9.607000064000000000e+09,3.121288583398483807e-01,-1.045269471823150553e+00
9.617999872000000000e+09,3.104589878810486980e-01,-1.646501662092484608e+00
9.628999680000000000e+09,3.067826388010358452e-01,-2.239756879894013952e+00
9.639999488000000000e+09,3.045225536670326250e-01,-2.823919019291849963e+00
9.651000320000000000e+09,3.057991827359793358e-01,2.875718169364894994e+00
9.662000128000000000e+09,3.101830303344610962e-01,2.285605584913676935e+00
9.672999936000000000e+09,3.135682571027638699e-01,1.681638290521798584e+00
9.683999744000000000e+09,3.121661734809682565e-01,1.071544183348097645e+00
9.694999552000000000e+09,3.061049824022674670e-01,4.708701914835904945e-01
9.706000384000000000e+09,2.997690501016784248e-01,-1.137623010224807080e-01
9.717000192000000000e+09,2.973414638666031506e-01,-6.869021462545759071e-01
9.728000000000000000e+09,3.005085904526791363e-01,-1.261325166554200239e+00
9.738999808000000000e+09,3.066556255235043382e-01,-1.850602921611376628e+00
9.749999616000000000e+09,3.107291854134499598e-01,-2.456775906908030827e+00
9.761000448000000000e+09,3.097660168836174899e-01,-3.072293846696645847e+00
9.772000256000000000e+09,3.045300081379113122e-01,2.607855103560312138e+00
9.783000064000000000e+09,2.996933117305656258e-01,2.022440304895172680e+00
9.793999872000000000e+09,2.987207399925263518e-01,1.445313271566434743e+00
9.804999680000000000e+09,3.008093300381547430e-01,8.603165996922425007e-01
9.816000512000000000e+09,3.023334905136919049e-01,2.611407203822664336e-01
9.827000320000000000e+09,3.003413728101958502e-01,-3.407036080353347818e-01
9.838000128000000000e+09,2.958546516893822975e-01,-9.317610383724573841e-01
9.848999936000000000e+09,2.929258170797984229e-01,-1.509202907701987062e+00
9.859999744000000000e+09,2.950291541535854378e-01,-2.086763301395143433e+00
9.870999552000000000e+09,3.004678328899093587e-01,-2.676901844569828270e+00
9.882000384000000000e+09,3.044146443552303016e-01,2.997732007657590625e+00
9.893000192000000000e+09,3.021095242670669978e-01,2.382542499369622035e+00
9.904000000000000000e+09,2.942733206421114245e-01,1.780733915580446469e+00
9.914999808000000000e+09,2.866633038595803873e-01,1.201095160878917989e+00
9.925999616000000000e+09,2.843162899212408612e-01,6.355413570315006089e-01
9.937000448000000000e+09,2.884366730451994321e-01,6.480478122829018417e-02
9.948000256000000000e+09,2.955956662279232150e-01,-5.278063865729686333e-01
9.959000064000000000e+09,2.979286659663864523e-01,-1.141867193541122649e+00
9.969999872000000000e+09,2.929692912671001404e-01,-1.755229940714104320e+00
9.980999680000000000e+09,2.849933960285233048e-01,-2.347795771800165632e+00
9.991999488000000000e+09,2.805877509286353044e-01,-2.920015445795064668e+00
1.000300032000000000e+10,2.830313808415390597e-01,2.782865425659155623e+00
1.001400012800000000e+10,2.896566751856355926e-01,2.197932649185479814e+00
1.002499993600000000e+10,2.936958530080071572e-01,1.585618598764761966e+00
1.003599974400000000e+10,2.893965012186760499e-01,9.660586281479153214e-01
1.004699955200000000e+10,2.794486224637575122e-01,3.672575704909740169e-01
1.005800038400000000e+10,2.723792359647837502e-01,-2.021439401904435162e-01
1.006900019200000000e+10,2.729060061058307673e-01,-7.608054932934980030e-01
1.008000000000000000e+10,2.803865414803838885e-01,-1.335131570862933881e+00
1.009099980800000000e+10,2.887734156873072999e-01,-1.940965556715987139e+00
1.010199961600000000e+10,2.901781509312208462e-01,-2.568051450783053635e+00
1.011300044800000000e+10,2.830543451140626332e-01,3.097567627217938213e+00
1.012400025600000000e+10,2.732656876198778506e-01,2.508271762207976874e+00
1.013500006400000000e+10,2.675315619063585171e-01,1.941378116641608864e+00
1.014599987200000000e+10,2.681652253588050483e-01,1.377256092314397495e+00
1.015699968000000000e+10,2.731172910136183685e-01,7.946617595321896488e-01
1.016800051200000000e+10,2.768438359312761499e-01,1.902984110741393342e-01
1.017900032000000000e+10,2.751026169855677050e-01,-4.199037372852714167e-01
1.019000012800000000e+10,2.695743341194016263e-01,-1.015926090846894558e+00
1.020099993600000000e+10,2.654764207138179399e-01,-1.593681171961943033e+00
1.021199974400000000e+10,2.659703718952032281e-01,-2.165745678722386991e+00
1.022299955200000000e+10,2.703347029320117834e-01,-2.750819329963229087e+00
1.023400038400000000e+10,2.738378648516027747e-01,2.926876865366252911e+00
1.024500019200000000e+10,2.717361892305619198e-01,2.312822416717814189e+00
1.025600000000000000e+10,2.641248048104413160e-01,1.712744921068911630e+00
1.026699980800000000e+10,2.568702404205075451e-01,1.137681291161474872e+00
1.027799961600000000e+10,2.558369450750962448e-01,5.765922479778112786e-01
1.028900044800000000e+10,2.616961409103786274e-01,4.435169627102446450e-03
1.030000025600000000e+10,2.699738181800342973e-01,-5.975840428291374629e-01
1.031100006400000000e+10,2.726219244100454575e-01,-1.222218359076689520e+00
1.032199987200000000e+10,2.658486118276583432e-01,-1.841238573990357175e+00
1.033299968000000000e+10,2.558773299140407742e-01,-2.428308861945491781e+00
1.034399948800000000e+10,2.506368166300039224e-01,-2.988623999671534914e+00
1.035500032000000000e+10,2.533029966120003973e-01,2.735586797385078928e+00
1.036600012800000000e+10,2.611783887964285178e-01,2.152312972083996634e+00
1.037699993600000000e+10,2.662310318705121137e-01,1.537751056406808647e+00
1.038799974400000000e+10,2.625096821594649632e-01,9.177999401453159622e-01
1.039899955200000000e+10,2.536383640275536866e-01,3.237449604077450305e-01
1.041000038400000000e+10,2.481477630247934385e-01,-2.446114862109400601e-01
1.042100019200000000e+10,2.498271244361665866e-01,-8.070655080708823981e-01
1.043200000000000000e+10,2.568817952910771307e-01,-1.389225761623296362e+00
1.044299980800000000e+10,2.626727157325634554e-01,-2.000538248499564187e+00
1.045399961600000000e+10,2.608396756147302598e-01,-2.621704101796110020e+00
1.046500044800000000e+10,2.526264627311308741e-01,3.058682204078765565e+00
1.047600025600000000e+10,2.452089922626277951e-01,2.483032178555945269e+00
1.048700006400000000e+10,2.432846982565589622e-01,1.920354447057694980e+00
1.049799987200000000e+10,2.471790169382047098e-01,1.348909174968284663e+00
1.050899968000000000e+10,2.535269117413342377e-01,7.554277470907255765e-01
1.052000051200000000e+10,2.565613291179371092e-01,1.419612536339475706e-01
1.053100032000000000e+10,2.532045460522309721e-01,-4.724532325476715755e-01
1.054200012800000000e+10,2.462396039645151913e-01,-1.067453156867166797e+00
1.055299993600000000e+10,2.412548815084728238e-01,-1.641094959492451100e+00
1.056399974400000000e+10,2.413676767605715257e-01,-2.209291015884335074e+00
1.057499955200000000e+10,2.456314707728612934e-01,-2.788535258359678526e+00
1.058600038400000000e+10,2.502627763698075380e-01,2.894694352198576848e+00
1.059700019200000000e+10,2.503395839467534301e-01,2.282374522257147209e+00
1.060800000000000000e+10,2.452471096225078695e-01,1.676761285993545014e+00
1.061899980800000000e+10,2.391686583480168438e-01,1.092184037796821050e+00
1.062999961600000000e+10,2.368886735968979695e-01,5.234863484686254065e-01
1.064100044800000000e+10,2.399634239619766463e-01,-4.889998508225745083e-02
1.065200025600000000e+10,2.452856903092095475e-01,-6.418066140703068134e-01
1.066300006400000000e+10,2.466216890501316261e-01,-1.252483777806356668e+00
1.067399987200000000e+10,2.420632778674269570e-01,-1.860670665722040207e+00
1.068499968000000000e+10,2.351503744006705754e-01,-2.447476636036487463e+00
1.069599948800000000e+10,2.313830479610563817e-01,-3.014142779348149670e+00
1.070700032000000000e+10,2.335061190773201067e-01,2.703156017565906399e+00
1.071800012800000000e+10,2.392773501592340424e-01,2.118030002553383362e+00
1.072899993600000000e+10,2.431736699511150290e-01,1.509019780711374104e+00
1.073999974400000000e+10,2.411005433951776411e-01,8.940563570587362063e-01
1.075099955200000000e+10,2.351915574966017553e-01,2.959129111425566339e-01
1.076200038400000000e+10,2.308308509714328549e-01,-2.775522616813348442e-01
1.077300019200000000e+10,2.309652698492110634e-01,-8.465682776668806975e-01
1.078400000000000000e+10,2.343233392625919675e-01,-1.428181540791206849e+00
1.079499980800000000e+10,2.372383769006876919e-01,-2.027252635134888514e+00
1.080599961600000000e+10,2.365799728843418492e-01,-2.632576152773938194e+00
1.081700044800000000e+10,2.330785712000268961e-01,3.054321070666130566e+00
1.082800025600000000e+10,2.301536493915097292e-01,2.471970487061204036e+00
1.083900006400000000e+10,2.299191845951765456e-01,1.894443271488891245e+00
1.084999987200000000e+10,2.319694323276535464e-01,1.309754897821066022e+00
1.086099968000000000e+10,2.345704039953915576e-01,7.110169979579902266e-01
1.087200051200000000e+10,2.342635703869513919e-01,1.059303961179093589e-01
1.088300032000000000e+10,2.308409315512250926e-01,-4.927454045209965217e-01
1.089400012800000000e+10,2.267239594124496604e-01,-1.077203756712793226e+00
1.090499993600000000e+10,2.244534834798150580e-01,-1.650361482893581089e+00
1.091599974400000000e+10,2.256085882518649721e-01,-2.223150089193651091e+00
1.092699955200000000e+10,2.293636623605565805e-01,-2.807762740742933083e+00
1.093800038400000000e+10,2.327964834955094930e-01,2.874175131797448213e+00
1.094900019200000000e+10,2.329143227312196751e-01,2.264671366857318180e+00
1.096000000000000000e+10,2.289525419441422183e-01,1.660846115022826641e+00
1.097099980800000000e+10,2.241163029740328161e-01,1.074711831971586484e+00
1.098199961600000000e+10,2.217886753753887386e-01,5.021821805926015569e-01
1.099300044800000000e+10,2.229444073725349584e-01,-7.115639473976045903e-02
1.100400025600000000e+10,2.259393052950549596e-01,-6.571277656016040192e-01
1.101500006400000000e+10,2.275387980825439582e-01,-1.259283637758429331e+00
1.102599987200000000e+10,2.253170832307487548e-01,-1.861756800048167904e+00
1.103699968000000000e+10,2.211148962326658363e-01,-2.449519770314677825e+00
1.104799948800000000e+10,2.187008416806608402e-01,-3.022678323325632910e+00
1.105900032000000000e+10,2.204117012525912411e-01,2.688243374720832524e+00
1.107000012800000000e+10,2.245287251853919086e-01,2.101438953957991185e+00
1.108099993600000000e+10,2.273029525086911196e-01,1.496913098023777478e+00
1.109199974400000000e+10,2.257903194170536032e-01,8.889056157369349398e-01
1.110299955200000000e+10,2.211021861254357790e-01,2.935843921127411216e-01
1.111400038400000000e+10,2.166412953244013506e-01,-2.863310277081795863e-01
1.112500019200000000e+10,2.153867562849748063e-01,-8.567636810558473259e-01
1.113600000000000000e+10,2.173555163462980722e-01,-1.432082213412110505e+00
1.114699980800000000e+10,2.205471377054334381e-01,-2.021610129597978034e+00
1.115799961600000000e+10,2.224043079347787499e-01,-2.619989468630006257e+00
1.116900044800000000e+10,2.219754907184183501e-01,3.063601471573581314e+00
1.118000025600000000e+10,2.201375781999446168e-01,2.469644223340862865e+00
1.119100006400000000e+10,2.186659812675088577e-01,1.881694222265353877e+00
1.120199987200000000e+10,2.182650621481012077e-01,1.295036395592145118e+00
1.121299968000000000e+10,2.183090590762670480e-01,7.056289481635836802e-01
1.122400051200000000e+10,2.182680676045109791e-01,1.142045930013904365e-01
1.123500032000000000e+10,2.174122588663368327e-01,-4.764068681795121107e-01
1.124600012800000000e+10,2.161131050353131133e-01,-1.062221542333548818e+00
1.125699993600000000e+10,2.154781648020680229e-01,-1.645455713959737443e+00
1.126799974400000000e+10,2.160784834351949790e-01,-2.228696205320349399e+00
1.127899955200000000e+10,2.177763737557293910e-01,-2.815461009467775888e+00
1.129000038400000000e+10,2.193883703238101446e-01,2.872961006141151685e+00
1.130100019200000000e+10,2.194202839751525913e-01,2.274025536574909800e+00
1.131200000000000000e+10,2.172492554718160329e-01,1.679238045660833567e+00
1.132299980800000000e+10,2.147430385222802718e-01,1.093020695459288039e+00
1.133399961600000000e+10,2.135529034374441248e-01,5.144573968619564619e-01
1.134500044800000000e+10,2.144707779447333762e-01,-6.496254262459669193e-02
1.135600025600000000e+10,2.166528374315925543e-01,-6.528604827110118247e-01
1.136700006400000000e+10,2.180240086163434399e-01,-1.250005856058713061e+00
1.137799987200000000e+10,2.171305666147211322e-01,-1.848907634957660751e+00
1.138899968000000000e+10,2.146565699660807347e-01,-2.440371800795300139e+00
1.139999948800000000e+10,2.126604092641736499e-01,-3.021533164332502963e+00
1.141100032000000000e+10,2.132880078286851222e-01,2.684340608863448274e+00
1.142200012800000000e+10,2.155092614219901448e-01,2.099677780637396296e+00
1.143299993600000000e+10,2.174806110706753726e-01,1.504424775471535858e+00
1.144399974400000000e+10,2.175124749376606548e-01,9.039629203529511159e-01
1.145499955200000000e+10,2.156539724826529170e-01,3.074773360254682286e-01
1.146600038400000000e+10,2.136247933974695923e-01,-2.804891023105071657e-01
1.147700019200000000e+10,2.127345173135576362e-01,-8.626844153811348281e-01
1.148800000000000000e+10,2.133147434424015887e-01,-1.445439198190494823e+00
1.149899980800000000e+10,2.147201449123086470e-01,-2.033044812454728234e+00
1.150999961600000000e+10,2.153092377043884509e-01,-2.626138362644252044e+00
1.152100044800000000e+10,2.148270406771842500e-01,3.062168886331964046e+00
1.153200025600000000e+10,2.136629218005280939e-01,2.470560895140355040e+00
1.154300006400000000e+10,2.127835118702507966e-01,1.882720552610856801e+00
1.155399987200000000e+10,2.126893054580820397e-01,1.297444164090143515e+00
1.156499968000000000e+10,2.134285223196763503e-01,7.107200096222577868e-01
1.157600051200000000e+10,2.144587253753942879e-01,1.197284879361835697e-01
1.158700032000000000e+10,2.150574046073735202e-01,-4.742351018376783633e-01
1.159800012800000000e+10,2.149623495202569734e-01,-1.068719209970847572e+00
1.160899993600000000e+10,2.140312163589652150e-01,-1.660429426496534244e+00
1.161999974400000000e+10,2.132158840520779752e-01,-2.248404478192070677e+00
1.163099955200000000e+10,2.129036571428602476e-01,-2.835089511152565134e+00
1.164200038400000000e+10,2.130344680066469931e-01,2.860610970485565119e+00
1.165300019200000000e+10,2.132430517302511819e-01,2.271363689741288105e+00
1.166400000000000000e+10,2.134296842133991678e-01,1.681443582702314421e+00
1.167499980800000000e+10,2.137024912548074473e-01,1.093045927344973300e+00
1.168599961600000000e+10,2.144506802024806758e-01,5.043472555217320963e-01
1.169700044800000000e+10,2.153680285329458433e-01,-8.772594264059908886e-02
1.170800025600000000e+10,2.160501270146919228e-01,-6.839737139482457984e-01
1.171900006400000000e+10,2.155636080086530404e-01,-1.281963028087953704e+00
1.172999987200000000e+10,2.138735738551974519e-01,-1.875472856181321868e+00
1.174099968000000000e+10,2.121655693977273771e-01,-2.460925949929956946e+00
1.175199948800000000e+10,2.116381532569312496e-01,-3.041660224529228795e+00
1.176300032000000000e+10,2.124295994599766368e-01,2.658095248736256799e+00
1.177400012800000000e+10,2.141853704489231902e-01,2.069205862085170544e+00
1.178499993600000000e+10,2.156042546515271052e-01,1.473855753043465944e+00
1.179599974400000000e+10,2.159343259236080059e-01,8.760013528841182895e-01
1.180699955200000000e+10,2.156259012377923223e-01,2.808800119728763756e-01
1.181800038400000000e+10,2.150612907268489304e-01,-3.114863562942753461e-01
1.182900019200000000e+10,2.146218875275325288e-01,-9.031090754987359803e-01
1.184000000000000000e+10,2.142041742518930869e-01,-1.495848278098375950e+00
1.185099980800000000e+10,2.134934680770702309e-01,-2.089251079107788733e+00
1.186199961600000000e+10,2.126566471897179122e-01,-2.680601634123789712e+00
1.187300044800000000e+10,2.118653188893162287e-01,3.014463605421659143e+00
1.188400025600000000e+10,2.117374928304494863e-01,2.429048888199251355e+00
1.189500006400000000e+10,2.127026743629140126e-01,1.844135996943439215e+00
1.190599987200000000e+10,2.143854596699733273e-01,1.253188393104810672e+00
1.191699968000000000e+10,2.157722289297564211e-01,6.554619229190333796e-01
1.192800051200000000e+10,2.160088501992032117e-01,5.520756006908997260e-02
1.193900032000000000e+10,2.149182586990839583e-01,-5.431470751444236189e-01
1.195000012800000000e+10,2.131404956069491430e-01,-1.135269669042204388e+00
1.196099993600000000e+10,2.115803942478900745e-01,-1.724282899514757217e+00
1.197199974400000000e+10,2.109506383409786578e-01,-2.310564947129036817e+00
1.198299955200000000e+10,2.111877803342774584e-01,-2.897668050518102945e+00
1.199400038400000000e+10,2.118995379990488426e-01,2.795532239975886846e+00
1.200500019200000000e+10,2.123054798669705423e-01,2.204835504821277326e+00
1.201600000000000000e+10,2.126153535228861025e-01,1.614828636476278945e+00
1.202699980800000000e+10,2.132118690423775997e-01,1.023131321472243505e+00
1.203799961600000000e+10,2.138127077553814981e-01,4.275893142524415103e-01
1.204900044800000000e+10,2.138751051075271636e-01,-1.713429232358487653e-01
1.206000025600000000e+10,2.129585536692971404e-01,-7.676641574324311046e-01
1.207100006400000000e+10,2.113536091211364043e-01,-1.359395432034124385e+00
1.208199987200000000e+10,2.101999158393609846e-01,-1.946507118136527437e+00
1.209299968000000000e+10,2.101424477338789121e-01,-2.533248027989216666e+00
1.210399948800000000e+10,2.111641162400796357e-01,-3.123808319071756934e+00
1.211500032000000000e+10,2.123325983802362149e-01,2.563098359738422705e+00
1.212600012800000000e+10,2.119656680323960540e-01,1.963521980451674587e+00
1.213699993600000000e+10,2.103415863785468021e-01,1.367882908790488461e+00
1.214799974400000000e+10,2.087832030392217375e-01,7.785684795756496746e-01
1.215899955200000000e+10,2.084688335048709151e-01,1.931142443052230040e-01
1.217000038400000000e+10,2.095916139880672491e-01,-3.957999253146039509e-01
1.218100019200000000e+10,2.107708923630124409e-01,-9.928740987540545238e-01
1.219200000000000000e+10,2.106069096131004126e-01,-1.595508621689559536e+00
1.220299980800000000e+10,2.085749384853039790e-01,-2.196210753181937037e+00
1.221399961600000000e+10,2.055217169274897449e-01,-2.789315205247973051e+00
1.222500044800000000e+10,2.034931346701999155e-01,2.910963203318348569e+00
1.223600025600000000e+10,2.037043463619117589e-01,2.331400997226811267e+00
1.224700006400000000e+10,2.059110682595583774e-01,1.746093344618868226e+00
1.225799987200000000e+10,2.079186341431066010e-01,1.150065691396690459e+00
1.226899968000000000e+10,2.081557873260115044e-01,5.467709002590908085e-01
1.228000051200000000e+10,2.063477716337850376e-01,-5.468524347988374529e-02
1.229100032000000000e+10,2.038881508246319918e-01,-6.472252648189127378e-01
1.230200012800000000e+10,2.025590349972959114e-01,-1.232697669163246301e+00
1.231299993600000000e+10,2.030925932334466666e-01,-1.817708166862822106e+00
1.232399974400000000e+10,2.043664704993199688e-01,-2.410188314069524829e+00
1.233499955200000000e+10,2.045525600638607999e-01,-3.009930523927186741e+00
1.234600038400000000e+10,2.027420469810374271e-01,2.673780056992768994e+00
1.235700019200000000e+10,2.002517870455449711e-01,2.082074105964391908e+00
1.236800000000000000e+10,1.989034242679530162e-01,1.498350625267282243e+00
1.237899980800000000e+10,1.993795549460050387e-01,9.152605201669302692e-01
1.238999961600000000e+10,2.009290033153184052e-01,3.241568827697462463e-01
1.240100044800000000e+10,2.015323090442080189e-01,-2.758099830416335663e-01
1.241200025600000000e+10,2.000709620606901107e-01,-8.774356275762684731e-01
1.242300006400000000e+10,1.976620253412004202e-01,-1.471055778151727278e+00
1.243399987200000000e+10,1.961877120335961955e-01,-2.056275481387173087e+00
1.244499968000000000e+10,1.966450408463994992e-01,-2.641652680727510027e+00
1.245599948800000000e+10,1.978994134961336582e-01,3.048441666589366772e+00
1.246700032000000000e+10,1.979598717669318053e-01,2.447132177421692312e+00
1.247800012800000000e+10,1.958996590728601106e-01,1.845737649083321053e+00
1.248899993600000000e+10,1.926844815446857873e-01,1.254493032639351080e+00
1.249999974400000000e+10,1.904771138464873559e-01,6.744860406283484933e-01
1.251099955200000000e+10,1.909624932207603654e-01,9.581546092011408722e-02
1.252200038400000000e+10,1.932655446851493097e-01,-4.916812145773430953e-01
1.253300019200000000e+10,1.952504478342234340e-01,-1.093636608791579201e+00
1.254400000000000000e+10,1.946198664508772269e-01,-1.703250632140432819e+00
1.255499980800000000e+10,1.912504535136984041e-01,-2.306199467045462637e+00
1.256599961600000000e+10,1.873541344744676096e-01,-2.892848803807000380e+00
1.257700044800000000e+10,1.853791450807526220e-01,2.816314017331314368e+00
1.258800025600000000e+10,1.864659445685160621e-01,2.242398972570685878e+00
1.259900006400000000e+10,1.894047455695481441e-01,1.655345144114273692e+00
1.260999987200000000e+10,1.913421659774084960e-01,1.049904931171242728e+00
1.262099968000000000e+10,1.901463049106875414e-01,4.390527849453108589e-01
1.263200051200000000e+10,1.864188733589864366e-01,-1.616495427928559547e-01
1.264300032000000000e+10,1.827935744816542585e-01,-7.462530216311994424e-01
1.265400012800000000e+10,1.815310228417456595e-01,-1.322096185183671224e+00
1.266499993600000000e+10,1.827146364192820116e-01,-1.902671031383195599e+00
1.267599974400000000e+10,1.844443990813260381e-01,-2.497220699068242400e+00
1.268699955200000000e+10,1.842301249769668081e-01,-3.101534159635292109e+00
1.269800038400000000e+10,1.816188033401083535e-01,2.581965860627183140e+00
1.270900019200000000e+10,1.784030041757023732e-01,1.996886890486699428e+00
1.272000000000000000e+10,1.772718564399473062e-01,1.420792452031399700e+00
1.273099980800000000e+10,1.786654353983237464e-01,8.403161125395480768e-01
1.274199961600000000e+10,1.808956144265472243e-01,2.446619604859499864e-01
1.275300044800000000e+10,1.812830829332477967e-01,-3.627798859319178448e-01
1.276400025600000000e+10,1.787142936129553772e-01,-9.662090836140483363e-01
1.277500006400000000e+10,1.750588104152682456e-01,-1.555547137568531024e+00
1.278599987200000000e+10,1.729149185440795045e-01,-2.132656522510765651e+00
1.279699968000000000e+10,1.732369523158439339e-01,-2.709899478789033367e+00
1.280799948800000000e+10,1.752996749675410360e-01,2.984092082819395753e+00
1.281900032000000000e+10,1.762866305648194964e-01,2.381171078223666360e+00
1.283000012800000000e+10,1.745864765299191268e-01,1.776446582643833372e+00
1.284099993600000000e+10,1.712018274993065969e-01,1.183476901269725490e+00
1.285199974400000000e+10,1.686431916638695683e-01,6.039706147274345183e-01
1.286299955200000000e+10,1.684461545367505753e-01,2.655706403421227713e-02
1.287400038400000000e+10,1.700258595552370799e-01,-5.594049431628203006e-01
1.288500019200000000e+10,1.712558428403753719e-01,-1.159141915541903378e+00
1.289600000000000000e+10,1.702078030192675229e-01,-1.763302464179214768e+00
1.290699980800000000e+10,1.667991134830938138e-01,-2.357398290973806265e+00
1.291799961600000000e+10,1.635807196085161397e-01,-2.934783860460143501e+00
1.292900044800000000e+10,1.631345572236855002e-01,2.779427115025820072e+00
1.294000025600000000e+10,1.655835551325055277e-01,2.201439287723450100e+00
1.295100006400000000e+10,1.689580416080433412e-01,1.603411675349440513e+00
1.296199987200000000e+10,1.700504901294174476e-01,9.881003777192177706e-01
1.297299968000000000e+10,1.670351304386374913e-01,3.745697355852084520e-01
1.298400051200000000e+10,1.619508652739697629e-01,-2.189950874085627719e-01
1.299500032000000000e+10,1.581909603363028938e-01,-7.915577021277858671e-01
1.300600012800000000e+10,1.576304819211100383e-01,-1.354184285428618129e+00
1.301699993600000000e+10,1.599467593384797937e-01,-1.929317122497951287e+00
1.302799974400000000e+10,1.625251053546459823e-01,-2.524961079599761238e+00
1.303899955200000000e+10,1.625311411334003919e-01,-3.133242578135940981e+00
1.305000038400000000e+10,1.596928914871756644e-01,2.549275259521305070e+00
1.306100019200000000e+10,1.566390084021428708e-01,1.964547778731177141e+00
1.307200000000000000e+10,1.556190002587395094e-01,1.389992448955892801e+00
1.308299980800000000e+10,1.568534411368639192e-01,8.098220854604316621e-01
1.309399961600000000e+10,1.584639973521339285e-01,2.144253841250144954e-01
1.310500044800000000e+10,1.580515354663708794e-01,-3.893977037800853136e-01
1.311600025600000000e+10,1.553709390519551758e-01,-9.861189591769916607e-01
1.312700006400000000e+10,1.524578077003839738e-01,-1.567756131131820219e+00
1.313799987200000000e+10,1.515151880242697202e-01,-2.139549318591708271e+00
1.314899968000000000e+10,1.529876843905157158e-01,-2.717113708425376917e+00
1.315999948800000000e+10,1.551393479981430512e-01,2.971522175730372695e+00
1.317100032000000000e+10,1.552512437308184445e-01,2.364521067384003583e+00
1.318200012800000000e+10,1.525947864780277385e-01,1.762477607533577961e+00
1.319299993600000000e+10,1.492757131356899358e-01,1.177930664926529980e+00
1.320399974400000000e+10,1.477325311022286425e-01,6.069113873695435313e-01
1.321499955200000000e+10,1.487203088005066565e-01,3.340479699908058958e-02
1.322600038400000000e+10,1.511262558449318061e-01,-5.543010786959854386e-01
1.323700019200000000e+10,1.524039984997246355e-01,-1.158845457155902814e+00
1.324800000000000000e+10,1.507620011426550888e-01,-1.765551871595328892e+00
1.325899980800000000e+10,1.471237061027815263e-01,-2.357422668345900085e+00
1.326999961600000000e+10,1.443472804949730293e-01,-2.930394207746037427e+00
1.328100044800000000e+10,1.444324208165734813e-01,2.787470465408298459e+00
1.329200025600000000e+10,1.470853408466762102e-01,2.210114946572704575e+00
1.330300006400000000e+10,1.499445202862995374e-01,1.610528048805360823e+00
1.331399987200000000e+10,1.499587011826593874e-01,9.980066966712934917e-01
1.332499968000000000e+10,1.468229193917746922e-01,3.942112642504904119e-01
1.333600051200000000e+10,1.430668912483135935e-01,-1.885752733244878965e-01
1.334700032000000000e+10,1.412761655856841214e-01,-7.548959916817149507e-01
1.335800012800000000e+10,1.423009126970345983e-01,-1.322223299591066326e+00
1.336899993600000000e+10,1.450110148446756286e-01,-1.906832172659583380e+00
1.337999974400000000e+10,1.467349066281351533e-01,-2.511875759665020968e+00
1.339099955200000000e+10,1.453960209821727467e-01,-3.121250227826800838e+00
1.340200038400000000e+10,1.420536824286433852e-01,2.568292062420361344e+00
1.341300019200000000e+10,1.396889167874915683e-01,1.996822826924925076e+00
1.342400000000000000e+10,1.399226828174797432e-01,1.430540144986245599e+00
1.343499980800000000e+10,1.422156358592055747e-01,8.519923243395505219e-01
1.344599961600000000e+10,1.443407289682339945e-01,2.550157539814879026e-01
1.345700044800000000e+10,1.443058038650505415e-01,-3.514212983395971213e-01
1.346800025600000000e+10,1.422553498949175044e-01,-9.501259168700133539e-01
1.347900006400000000e+10,1.401197781240308970e-01,-1.533069441800267496e+00
1.348999987200000000e+10,1.395596431316021568e-01,-2.108938055649114851e+00
1.350099968000000000e+10,1.404723079718896150e-01,-2.694990600036924810e+00
1.351199948800000000e+10,1.413918997908277242e-01,2.992229791108443671e+00
1.352300032000000000e+10,1.405230741305616149e-01,2.392457209223433523e+00
1.353400012800000000e+10,1.383882215791802373e-01,1.803812053783893088e+00
1.354499993600000000e+10,1.370153809239355036e-01,1.230911538504515956e+00
1.355599974400000000e+10,1.377201756044802994e-01,6.624940441993509843e-01
1.356699955200000000e+10,1.402994133753076300e-01,8.364159734108926603e-02
1.357800038400000000e+10,1.432209594388900997e-01,-5.156930547259803710e-01
1.358900019200000000e+10,1.437873364527745834e-01,-1.129331219976020151e+00
1.360000000000000000e+10,1.414131822336539834e-01,-1.737631358365830492e+00
1.361099980800000000e+10,1.378993741857273969e-01,-2.325254727235302354e+00
1.362199961600000000e+10,1.357674475765149880e-01,-2.894909436162678595e+00
1.363300044800000000e+10,1.362688737723769250e-01,2.821835431597007560e+00
1.364400025600000000e+10,1.386017631543080830e-01,2.241896183910190743e+00
1.365500006400000000e+10,1.406933979109281085e-01,1.645761775654942305e+00
1.366599987200000000e+10,1.407921341697216111e-01,1.043466092060326034e+00
1.367699968000000000e+10,1.392544082592619969e-01,4.494367700387488229e-01
1.368800051200000000e+10,1.378571403812501595e-01,-1.318706179540063694e-01
1.369900032000000000e+10,1.380281072114359353e-01,-7.086962195936543640e-01
1.371000012800000000e+10,1.397266026318085830e-01,-1.294544462783533190e+00
1.372099993600000000e+10,1.412531878088259252e-01,-1.893930257455655575e+00
1.373199974400000000e+10,1.408121497887873108e-01,-2.499517679241004764e+00
1.374299955200000000e+10,1.383540996480327190e-01,-3.095048069900725896e+00
1.375400038400000000e+10,1.358310658680115524e-01,2.609906514938100663e+00
1.376500019200000000e+10,1.350869622825947858e-01,2.042183338278479976e+00
1.377600000000000000e+10,1.367984748639544113e-01,1.470591918844621926e+00
1.378699980800000000e+10,1.397935057898811173e-01,8.830165537917685770e-01
1.379799961600000000e+10,1.418025270474486399e-01,2.790218617412507096e-01
1.380900044800000000e+10,1.414039070553783084e-01,-3.271910022578005117e-01
1.382000025600000000e+10,1.395486675949012267e-01,-9.234605282045590391e-01
1.383100006400000000e+10,1.380696344353830873e-01,-1.508266705203483049e+00
1.384199987200000000e+10,1.378844242222544703e-01,-2.089420667029893153e+00
1.385299968000000000e+10,1.387374937212823844e-01,-2.674887992623061539e+00
1.386399948800000000e+10,1.392414046053770671e-01,3.018197845550652847e+00
1.387500032000000000e+10,1.389448988643104399e-01,2.426396571867986296e+00
1.388600012800000000e+10,1.382548757067978140e-01,1.839549523983633694e+00
1.389699993600000000e+10,1.381220063404053622e-01,1.257410422569138708e+00
1.390799974400000000e+10,1.395100398421476318e-01,6.734941437417665266e-01
1.391899955200000000e+10,1.414347156727653043e-01,8.001110051204721185e-02
1.393000038400000000e+10,1.423260363109071225e-01,-5.223682918909346995e-01
1.394100019200000000e+10,1.414899650608428816e-01,-1.124482447473859725e+00
1.395200000000000000e+10,1.396591550169499485e-01,-1.718010130695757365e+00
1.396299980800000000e+10,1.382302187610554567e-01,-2.304251593726999836e+00
1.397399961600000000e+10,1.380249917267498405e-01,-2.884072726811603538e+00
1.398500044800000000e+10,1.389312780670602931e-01,2.816371793839515192e+00
1.399600025600000000e+10,1.399699998329730077e-01,2.226231412343362415e+00
1.400700006400000000e+10,1.399545952133851578e-01,1.632486039142519774e+00
1.401799987200000000e+10,1.391320334878031473e-01,1.040659730760439272e+00
1.402899968000000000e+10,1.386873797079306025e-01,4.553688888997886597e-01
1.404000051200000000e+10,1.393347047378011849e-01,-1.278970896493649423e-01
1.405100032000000000e+10,1.405938890242597605e-01,-7.124642675949993675e-01
1.406200012800000000e+10,1.419328213310087072e-01,-1.307297990612427130e+00
1.407299993600000000e+10,1.422258026209553827e-01,-1.908295668985788174e+00
1.408399974400000000e+10,1.413601859263541871e-01,-2.507570619577813797e+00
1.409499955200000000e+10,1.400381601194055636e-01,-3.099831045301418619e+00
1.410600038400000000e+10,1.393441682022744377e-01,2.597994385495437708e+00
1.411700019200000000e+10,1.394860866318662351e-01,2.013948388374549925e+00
1.412800000000000000e+10,1.401388515319696160e-01,1.424639079574772094e+00
1.413899980800000000e+10,1.404098655888130209e-01,8.310440006640439359e-01
1.414999961600000000e+10,1.400415255951596438e-01,2.377840783068632946e-01
1.416100044800000000e+10,1.399196769214934577e-01,-3.515095398380398972e-01
1.417200025600000000e+10,1.402943248900956064e-01,-9.396338517570609339e-01
1.418300006400000000e+10,1.410690005533231095e-01,-1.529476751179810190e+00
1.419399987200000000e+10,1.418119969041201911e-01,-2.124077779948069455e+00
1.420499968000000000e+10,1.418807572256707561e-01,-2.722415678686724405e+00
1.421599948800000000e+10,1.410337661491795624e-01,2.963353611494794482e+00
1.422700032000000000e+10,1.398766837472062985e-01,2.371875944650602364e+00
1.423800012800000000e+10,1.391517696275229587e-01,1.785334790230836077e+00
1.424899993600000000e+10,1.391354551173287768e-01,1.199268242025821829e+00
1.425999974400000000e+10,1.394274608087046063e-01,6.105955694155326130e-01
1.427099955200000000e+10,1.396100173361064511e-01,1.972005992217804385e-02
1.428200038400000000e+10,1.396571715107620681e-01,-5.707556612726617518e-01
1.429300019200000000e+10,1.398943928131120562e-01,-1.159911834134760067e+00
1.430400000000000000e+10,1.406278022348690926e-01,-1.749615253915620672e+00
1.431499980800000000e+10,1.415242442682818624e-01,-2.344724516797397129e+00
1.432599961600000000e+10,1.419294843791880090e-01,-2.945284815646330934e+00
1.433700044800000000e+10,1.411139077743057968e-01,2.735593583637190296e+00
1.434800025600000000e+10,1.392084720327964042e-01,2.139528630490492134e+00
1.435900006400000000e+10,1.375046472490752680e-01,1.554122736055110643e+00
1.436999987200000000e+10,1.368981929788244678e-01,9.766213184421362881e-01
1.438099968000000000e+10,1.378385749518109549e-01,3.975790826228981500e-01
1.439200051200000000e+10,1.396663721924520929e-01,-1.897042849836540757e-01
1.440300032000000000e+10,1.412918056384372956e-01,-7.888875681470450818e-01
1.441400012800000000e+10,1.415424613831722800e-01,-1.394643996996970392e+00
1.442499993600000000e+10,1.404480840284175192e-01,-1.996571661968032263e+00
1.443599974400000000e+10,1.389202465773281825e-01,-2.589789293682645432e+00
1.444699955200000000e+10,1.378923740243384322e-01,3.106880415414974284e+00
1.445800038400000000e+10,1.375644254680421230e-01,2.519384490608363336e+00
1.446900019200000000e+10,1.374964781264115254e-01,1.927874844865346438e+00
1.448000000000000000e+10,1.371279080956085972e-01,1.334389918950558584e+00
1.449099980800000000e+10,1.363787533122515772e-01,7.428534152289524295e-01
1.450199961600000000e+10,1.358703659825419574e-01,1.573821355708041880e-01
1.451300044800000000e+10,1.357958333568098086e-01,-4.250691423971137972e-01
1.452400025600000000e+10,1.366292931177179037e-01,-1.011747025695495239e+00
1.453500006400000000e+10,1.376803722611819603e-01,-1.606329557937211439e+00
1.454599987200000000e+10,1.381018148623733011e-01,-2.207315181396044768e+00
1.455699968000000000e+10,1.376486077541192732e-01,-2.807502911567061332e+00
1.456799948800000000e+10,1.366274853704508019e-01,2.880805624501868500e+00
1.457900032000000000e+10,1.356828801207948521e-01,2.290455585453759380e+00
1.459000012800000000e+10,1.350118105916547351e-01,1.701261944229039980e+00
1.460099993600000000e+10,1.344967400139983615e-01,1.111002323171846662e+00
1.461199974400000000e+10,1.342378377332013872e-01,5.196922716990624025e-01
1.462299955200000000e+10,1.337292598526732823e-01,-6.917687961849426637e-02
1.463400038400000000e+10,1.334915292544786303e-01,-6.544909584021018079e-01
1.464500019200000000e+10,1.339623311581354670e-01,-1.239246436612042368e+00
1.465600000000000000e+10,1.350306549563926595e-01,-1.830555882498013931e+00
1.466699980800000000e+10,1.359485257305358130e-01,-2.430825341015539376e+00
1.467799961600000000e+10,1.357450591850341004e-01,-3.035388101156025975e+00
1.468900044800000000e+10,1.342329419316914685e-01,2.646833302686621980e+00
1.470000025600000000e+10,1.321422526335385428e-01,2.056141627558921936e+00
1.471100006400000000e+10,1.307565949998275856e-01,1.474556779393245254e+00
1.472199987200000000e+10,1.306943376051958317e-01,8.955568285671048345e-01
1.473299968000000000e+10,1.317674148174625970e-01,3.104991907482730906e-01
1.474400051200000000e+10,1.329245130028609001e-01,-2.850128961200955047e-01
1.475500032000000000e+10,1.332201652170751371e-01,-8.878699504672195042e-01
1.476600012800000000e+10,1.323078227045110800e-01,-1.489902251467275951e+00
1.477699993600000000e+10,1.307593039515109190e-01,-2.084119851405931367e+00
1.478799974400000000e+10,1.296558701039469130e-01,-2.670453233141940164e+00
1.479899955200000000e+10,1.295299021006645901e-01,3.028226290834819423e+00
1.481000038400000000e+10,1.298982090515726495e-01,2.438849351614802430e+00
1.482100019200000000e+10,1.302618856236281153e-01,1.842458462589115165e+00
1.483200000000000000e+10,1.298441180631215996e-01,1.242632272188213483e+00
1.484299980800000000e+10,1.286136205187863035e-01,6.457470084961738355e-01
1.485399961600000000e+10,1.270774076423270005e-01,5.567016195858950911e-02
1.486500044800000000e+10,1.257766383617661687e-01,-5.286436849642313085e-01
1.487600025600000000e+10,1.253802766529036050e-01,-1.110576494969179651e+00
1.488700006400000000e+10,1.257328466316774696e-01,-1.695029782482570857e+00
1.489799987200000000e+10,1.264168005768983027e-01,-2.283677593054009414e+00
1.490899968000000000e+10,1.270327633619470209e-01,-2.876441468784523448e+00
1.491999948800000000e+10,1.273323467902527373e-01,2.809569547097149123e+00
1.493100032000000000e+10,1.270120525944309908e-01,2.209413314242889559e+00
1.494200012800000000e+10,1.259650331363903475e-01,1.609547669477318088e+00
1.495299993600000000e+10,1.244763432455847779e-01,1.015251125715666003e+00
1.496399974400000000e+10,1.229490234726000469e-01,4.298598428873177113e-01
1.497499955200000000e+10,1.219824784913514926e-01,-1.507245009791184087e-01
1.498600038400000000e+10,1.219324436181771637e-01,-7.306701358248963718e-01
1.499700019200000000e+10,1.226358214667372520e-01,-1.315705934871425287e+00
1.500800000000000000e+10,1.238550080946161785e-01,-1.908092282359970415e+00
1.501899980800000000e+10,1.245834279292139107e-01,-2.506831524343550832e+00
1.502999961600000000e+10,1.243058814314592225e-01,-3.108389201240945532e+00
1.504100044800000000e+10,1.230788751632848482e-01,2.576219428686130186e+00
1.505200025600000000e+10,1.215467975537097012e-01,1.984187796986764729e+00
1.506300006400000000e+10,1.205468864357825270e-01,1.395616153383042901e+00
1.507399987200000000e+10,1.199522114837937026e-01,8.100872190187418109e-01
1.508499968000000000e+10,1.197053372750349481e-01,2.244290480388460296e-01
1.509600051200000000e+10,1.196331722864625441e-01,-3.623183157814031108e-01
1.510700032000000000e+10,1.195137336675241996e-01,-9.523597002530095335e-01
1.511800012800000000e+10,1.193625216181254112e-01,-1.543957923222883721e+00
1.512899993600000000e+10,1.191458509702123109e-01,-2.135936030461289548e+00
1.513999974400000000e+10,1.189278877466715401e-01,-2.727262853949030674e+00
1.515099955200000000e+10,1.187633999315711869e-01,2.964643831273150010e+00
1.516200038400000000e+10,1.182797051599489002e-01,2.373168647464611425e+00
1.517300019200000000e+10,1.178503217964219779e-01,1.780858846536601980e+00
1.518400000000000000e+10,1.173900844897504681e-01,1.186223448482300435e+00
1.519499980800000000e+10,1.166485623306682956e-01,5.908603242322654214e-01
1.520599961600000000e+10,1.154326654929940660e-01,-1.197006535100745856e-03
1.521700044800000000e+10,1.140155393963827590e-01,-5.872267506681627669e-01
1.522800025600000000e+10,1.129411894285155399e-01,-1.167209119817788077e+00
1.523900006400000000e+10,1.127590549870578079e-01,-1.744180431415549792e+00
1.524999987200000000e+10,1.137037594927376993e-01,-2.324764124236306628e+00
1.526099968000000000e+10,1.152737435115048226e-01,-2.914566216582036073e+00
1.527199948800000000e+10,1.163860554765557970e-01,2.765688433475801400e+00
1.528300032000000000e+10,1.158390715821816797e-01,2.155635283891082832e+00
1.529400012800000000e+10,1.135280593597812193e-01,1.552486204486345889e+00
1.530499993600000000e+10,1.107514139895240390e-01,9.656292439386934268e-01
1.531599974400000000e+10,1.090451550683917831e-01,3.934881282501594413e-01
1.532699955200000000e+10,1.090876816812438171e-01,-1.743265056903236243e-01
1.533800038400000000e+10,1.106247063105934014e-01,-7.506582708533514614e-01
1.534900019200000000e+10,1.126504152879631709e-01,-1.342813447613546707e+00
1.536000000000000000e+10,1.137335088859054572e-01,-1.949666357662810379e+00
1.537099980800000000e+10,1.130226889380118865e-01,-2.559084451926219472e+00
1.538199961600000000e+10,1.110954539630785720e-01,3.124126271285991852e+00
1.539300044800000000e+10,1.092057737198761230e-01,2.537088623656802433e+00
1.540400025600000000e+10,1.081888104391287575e-01,1.957212386905399004e+00
1.541500006400000000e+10,1.080557978876318936e-01,1.376982377908264166e+00
1.542599987200000000e+10,1.083526949209701190e-01,7.899524344776698292e-01
1.543699968000000000e+10,1.084459832796858536e-01,1.972367913723663269e-01
1.544800051200000000e+10,1.081202129695202352e-01,-3.971443877508580300e-01
1.545900032000000000e+10,1.076199285333753058e-01,-9.882831006429947385e-01
1.547000012800000000e+10,1.071832501550420286e-01,-1.578181578415357444e+00
1.548099993600000000e+10,1.068002006176854840e-01,-2.167894030878282585e+00
1.549199974400000000e+10,1.063512981600891888e-01,-2.758688684635324240e+00
1.550299955200000000e+10,1.056876512381505623e-01,2.933392413828793899e+00
1.551400038400000000e+10,1.051415937267095313e-01,2.345633038561378392e+00
1.552500019200000000e+10,1.047981000676972002e-01,1.759422191504419919e+00
1.553600000000000000e+10,1.048505017983214077e-01,1.172567197864108568e+00
1.554699980800000000e+10,1.050095447341837795e-01,5.824177280528709533e-01
1.555799961600000000e+10,1.045938043849590077e-01,-1.180874625152885868e-02
1.556900044800000000e+10,1.037570239752032969e-01,-6.034910870410583605e-01
1.558000025600000000e+10,1.030044599752462930e-01,-1.189829587228689256e+00
1.559100006400000000e+10,1.028884362857106077e-01,-1.771435925331381611e+00
1.560199987200000000e+10,1.036010860642368886e-01,-2.356569932914143628e+00
1.561299968000000000e+10,1.044976613945316213e-01,-2.949803876580877393e+00
1.562399948800000000e+10,1.046910649869498416e-01,2.728505129765697479e+00
1.563500032000000000e+10,1.034381330842822216e-01,2.122419193177124352e+00
1.564600012800000000e+10,1.011603811541465503e-01,1.527297140042043644e+00
1.565699993600000000e+10,9.924196127509669896e-02,9.512519440180859931e-01
1.566799974400000000e+10,9.881197297717422834e-02,3.851011783907730690e-01
1.567899955200000000e+10,1.000122913959462234e-01,-1.863983146384138867e-01
1.569000038400000000e+10,1.020418359189503854e-01,-7.761116610193637966e-01
1.570100019200000000e+10,1.032015337901692753e-01,-1.383955141748469231e+00
1.571200000000000000e+10,1.028194721079610519e-01,-1.998901267901383338e+00
1.572299980800000000e+10,1.005251985017110300e-01,-2.602520195901787847e+00
1.573399961600000000e+10,9.797963873637872967e-02,3.096925605795691094e+00
1.574500044800000000e+10,9.646149420210156644e-02,2.527883662277887300e+00
1.575600025600000000e+10,9.656313953631677494e-02,1.957341911516731647e+00
1.576700006400000000e+10,9.776459374575491301e-02,1.376376490984646095e+00
1.577799987200000000e+10,9.884293621211738545e-02,7.827473242238658369e-01
1.578899968000000000e+10,9.900165941192334840e-02,1.831487506470944049e-01
1.580000051200000000e+10,9.823446642741340273e-02,-4.119965144581242411e-01
1.581100032000000000e+10,9.713103266527471635e-02,-1.001585162855043842e+00
1.582200012800000000e+10,9.650321790298868607e-02,-1.585799050208744010e+00
1.583299993600000000e+10,9.641693984151497587e-02,-2.169771302032059257e+00
1.584399974400000000e+10,9.651404942579135116e-02,-2.756387171982169537e+00
1.585499955200000000e+10,9.638119852036507174e-02,2.938476355333192291e+00
1.586600038400000000e+10,9.599508901670872341e-02,2.350712073635395694e+00
1.587700019200000000e+10,9.580427833757335088e-02,1.765086469539020042e+00
1.588800000000000000e+10,9.594403304125058429e-02,1.178075294780778881e+00
1.589899980800000000e+10,9.616742370614479729e-02,5.873274591424720859e-01
1.590999961600000000e+10,9.605043221092755823e-02,-4.487171026010604129e-03
1.592100044800000000e+10,9.550175721409064067e-02,-5.948969065603394446e-01
1.593200025600000000e+10,9.487899610730685107e-02,-1.180761840202617652e+00
1.594300006400000000e+10,9.465225394374719714e-02,-1.762765225742399133e+00
1.595399987200000000e+10,9.506165699849206119e-02,-2.345891210202931454e+00
1.596499968000000000e+10,9.579710459692129809e-02,-2.935679710421790656e+00
1.597599948800000000e+10,9.622178719989263329e-02,2.751546632713124829e+00
1.598700032000000000e+10,9.577800133457292642e-02,2.154071766771243901e+00
1.599800012800000000e+10,9.474477790918617304e-02,1.562127289697477384e+00
1.600899993600000000e+10,9.390593340540713541e-02,9.774695498899574897e-01
1.601999974400000000e+10,9.375906715663782920e-02,3.972088866541422791e-01
1.603099955200000000e+10,9.431749883885068297e-02,-1.861303306610296304e-01
1.604200038400000000e+10,9.505655808296771536e-02,-7.784629798386999422e-01
1.605300019200000000e+10,9.523741927020187847e-02,-1.376402092190957438e+00
1.606400000000000000e+10,9.455980232255334350e-02,-1.972543586415634431e+00
1.607499980800000000e+10,9.355225433350439213e-02,-2.561975201695574356e+00
1.608599961600000000e+10,9.292445338130438104e-02,3.138876438685639148e+00
1.609700044800000000e+10,9.301372152001299853e-02,2.557920117311519803e+00
1.610800025600000000e+10,9.361532118858578722e-02,1.972148569894645487e+00
1.611900006400000000e+10,9.423828594923061575e-02,1.379004533112182518e+00
1.612999987200000000e+10,9.430309416497587027e-02,7.816908734900451794e-01
1.614099968000000000e+10,9.365121461239285516e-02,1.863049867580706953e-01
1.615200051200000000e+10,9.282087285819372313e-02,-4.023780048927594333e-01
1.616300032000000000e+10,9.252601986075241480e-02,-9.860200990308635172e-01
1.617400012800000000e+10,9.270405261777375783e-02,-1.568860290932243107e+00
1.618499993600000000e+10,9.320031222940006188e-02,-2.155649996536181945e+00
1.619599974400000000e+10,9.369717903146393412e-02,-2.747018977996399158e+00
1.620699955200000000e+10,9.379595205838442418e-02,2.940960650970638746e+00
1.621800038400000000e+10,9.363594509509978736e-02,2.345785922696581594e+00
1.622900019200000000e+10,9.327562410019986372e-02,1.752966313803739018e+00
1.624000000000000000e+10,9.291234510457957452e-02,1.162254576323769273e+00
1.625099980800000000e+10,9.261042087513306209e-02,5.729027677061461210e-01
1.626199961600000000e+10,9.217664013787170429e-02,-1.524809466369420226e-02
1.627300044800000000e+10,9.188067462979844502e-02,-6.014109046594721120e-01
1.628400025600000000e+10,9.190287339337886718e-02,-1.185947696765782267e+00
1.629500006400000000e+10,9.228325550891186557e-02,-1.771326186862005603e+00
1.630599987200000000e+10,9.294713180311112155e-02,-2.360053413350229334e+00
1.631699968000000000e+10,9.353547425047732677e-02,-2.953654409960849936e+00
1.632799948800000000e+10,9.378093711714169389e-02,2.731621997640368171e+00
1.633900032000000000e+10,9.350562817127326676e-02,2.134200059877433109e+00
1.635000012800000000e+10,9.285921256722350081e-02,1.539455531506016994e+00
1.636099993600000000e+10,9.230568222006496626e-02,9.489211449179851821e-01
1.637199974400000000e+10,9.190502462701707898e-02,3.620487207275873143e-01
1.638299955200000000e+10,9.172627832484338273e-02,-2.245541446668212204e-01
1.639400038400000000e+10,9.163120778514685649e-02,-8.109319184069588848e-01
1.640500019200000000e+10,9.175532360244184615e-02,-1.398564760244065619e+00
1.641600000000000000e+10,9.196406495857127605e-02,-1.987838142814135178e+00
1.642699980800000000e+10,9.222007926619210649e-02,-2.577596880522691425e+00
1.643799961600000000e+10,9.252435690587285100e-02,3.113707161873509932e+00
1.644900044800000000e+10,9.265686530681878363e-02,2.519547890262378242e+00
1.646000025600000000e+10,9.245983982811326052e-02,1.923465172696743553e+00
1.647100006400000000e+10,9.202691402714728575e-02,1.329623326144553586e+00
1.648199987200000000e+10,9.152228621429350786e-02,7.390832854283619913e-01
1.649299968000000000e+10,9.123024379672778350e-02,1.528740890600471525e-01
1.650400051200000000e+10,9.126894781745024943e-02,-4.321925633966273161e-01
1.651500032000000000e+10,9.143170057519922622e-02,-1.019105536598156725e+00
1.652600012800000000e+10,9.169660832171852571e-02,-1.609806559499648682e+00
1.653699993600000000e+10,9.191648900109201936e-02,-2.203469378986181226e+00
1.654799974400000000e+10,9.183220060444657884e-02,-2.798500040617294182e+00
1.655899955200000000e+10,9.173426835171449856e-02,2.892427053396487313e+00
1.657000038400000000e+10,9.153978018339195555e-02,2.301211011125147365e+00
1.658100019200000000e+10,9.132719251691284734e-02,1.710576699488839170e+00
1.659200000000000000e+10,9.106546372302155856e-02,1.120152255521555063e+00
1.660299980800000000e+10,9.086254090692766350e-02,5.291025178778568927e-01
1.661399961600000000e+10,9.078985027829099275e-02,-6.193267264344939210e-02
1.662500044800000000e+10,9.064698740380421060e-02,-6.517327847091187731e-01
1.663600025600000000e+10,9.052967906755651772e-02,-1.240223018837993019e+00
1.664700006400000000e+10,9.041209855934576045e-02,-1.827635841181351806e+00
1.665799987200000000e+10,9.026818513931823829e-02,-2.418525783627083925e+00
1.666899968000000000e+10,9.013837742054874036e-02,-3.009513590071792866e+00
1.667999948800000000e+10,9.004882311268437578e-02,2.683156637369439323e+00
1.669100032000000000e+10,9.004875387326374825e-02,2.094160991945945405e+00
1.670200012800000000e+10,9.005999600098073266e-02,1.506010806898682386e+00
1.671299993600000000e+10,8.991792998386367863e-02,9.162229354842053031e-01
1.672399974400000000e+10,8.985675315648718187e-02,3.254732312120128257e-01
1.673499955200000000e+10,8.992565211136333003e-02,-2.668231450807516114e-01
1.674600038400000000e+10,8.989175286008410648e-02,-8.612212924426169147e-01
1.675700019200000000e+10,8.952030538136246385e-02,-1.453028359739256370e+00
1.676800000000000000e+10,8.891856394250312323e-02,-2.040572601628559468e+00
1.677899980800000000e+10,8.837583308209108479e-02,-2.625510676748132877e+00
1.678999961600000000e+10,8.818002424182877497e-02,3.074220047189440308e+00
1.680100044800000000e+10,8.848729521848663904e-02,2.489965468567385098e+00
1.681200025600000000e+10,8.939826247890278466e-02,1.903318803251667690e+00
1.682300006400000000e+10,9.023157097617992561e-02,1.309041238077961244e+00
1.683399987200000000e+10,9.048034225218751225e-02,7.086599619021393126e-01
1.684499968000000000e+10,8.984777233969279409e-02,1.077652272573168674e-01
1.685600051200000000e+10,8.890891359097738422e-02,-4.893101819886914727e-01
1.686700032000000000e+10,8.804097963702220420e-02,-1.078812749818730987e+00
1.687800012800000000e+10,8.743427405315855327e-02,-1.662841895360624100e+00
1.688899993600000000e+10,8.718809082749023887e-02,-2.243320221184391450e+00
1.689999974400000000e+10,8.723102401839670506e-02,-2.824515273868650311e+00
1.691099955200000000e+10,8.736391652272806896e-02,2.869347133585785858e+00
1.692200038400000000e+10,8.751379702898391677e-02,2.279948123137969240e+00
1.693300019200000000e+10,8.780079719712731434e-02,1.689835150650931483e+00
1.694400000000000000e+10,8.823881860660100218e-02,1.099635042982409772e+00
1.695499980800000000e+10,8.850295238331999659e-02,5.055070880509979769e-01
1.696599961600000000e+10,8.825898504525651889e-02,-9.151250134261013081e-02
1.697700044800000000e+10,8.765896817353975579e-02,-6.886433504855983267e-01
1.698800025600000000e+10,8.670685666516256274e-02,-1.281187128815737486e+00
1.699900006400000000e+10,8.590200486047616657e-02,-1.867289364993242717e+00
1.700999987200000000e+10,8.554023352253278811e-02,-2.443334760355080792e+00
1.702099968000000000e+10,8.585470175061894749e-02,-3.021002339364522893e+00
1.703199948800000000e+10,8.668081632737188735e-02,2.677676157563865900e+00
1.704300032000000000e+10,8.743318852626132121e-02,2.082946579021728972e+00
1.705400012800000000e+10,8.786404071363999868e-02,1.483892227301714328e+00
1.706499993600000000e+10,8.803908891492891187e-02,8.871624846906788209e-01
1.707599974400000000e+10,8.790464810622684866e-02,2.914085311918642174e-01
1.708699955200000000e+10,8.763014510403850654e-02,-3.043651514397754387e-01
1.709800038400000000e+10,8.701595908660129941e-02,-9.018740147446687727e-01
1.710900019200000000e+10,8.610500958696157281e-02,-1.500198725186029369e+00
1.712000000000000000e+10,8.475812412415427433e-02,-2.091043626997450833e+00
1.713099980800000000e+10,8.352294374298051272e-02,-2.668539156750119545e+00
1.714199961600000000e+10,8.329433567840252572e-02,3.046081436833224743e+00
1.715300044800000000e+10,8.434555100160474883e-02,2.474569951545896984e+00
1.716400025600000000e+10,8.625607821712469314e-02,1.885352689566311524e+00
1.717500006400000000e+10,8.789421532754042310e-02,1.276668929190350799e+00
1.718600089600000000e+10,8.789532613501856162e-02,6.583724164235370546e-01
1.719700070400000000e+10,8.620675331279355202e-02,5.097867948243889336e-02
1.720800051200000000e+10,8.386979363301412527e-02,-5.360539545543713258e-01
1.721900032000000000e+10,8.251102402348026166e-02,-1.106744206340084080e+00
1.723000012800000000e+10,8.283596658953623626e-02,-1.675107736956376048e+00
1.724099993600000000e+10,8.435309584346524503e-02,-2.257482768666442485e+00
1.725199974400000000e+10,8.584417238719531384e-02,-2.857739845269666734e+00
1.726299955200000000e+10,8.614042804263595532e-02,2.817926759638926804e+00
1.727399936000000000e+10,8.514797352277209130e-02,2.215228172326316081e+00
1.728499916800000000e+10,8.389269966334442219e-02,1.625914551321803181e+00
1.729599897600000000e+10,8.340885989536934997e-02,1.044276636845700601e+00
1.730700083200000000e+10,8.403669554503784278e-02,4.594141552167228526e-01
1.731800064000000000e+10,8.503092344494364574e-02,-1.375440678858881327e-01
1.732900044800000000e+10,8.505701036360636957e-02,-7.443625745824012929e-01
1.734000025600000000e+10,8.370567170234440024e-02,-1.346384628325442367e+00
1.735100006400000000e+10,8.185502491536085501e-02,-1.933673698905199467e+00
1.736199987200000000e+10,8.081637812904764184e-02,-2.512436771195921903e+00
1.737299968000000000e+10,8.102624644568430512e-02,-3.087435162806268174e+00
1.738399948800000000e+10,8.208183034564238423e-02,2.612629833272279711e+00
1.739499929600000000e+10,8.308039225235677727e-02,2.017334792856119385e+00
1.740599910400000000e+10,8.310047857427524387e-02,1.414629670351421842e+00
1.741700096000000000e+10,8.229335054616661316e-02,8.160015663080256720e-01
1.742800076800000000e+10,8.167488590655049008e-02,2.258090149482712694e-01
1.743900057600000000e+10,8.161705078574707506e-02,-3.625178381160852892e-01
1.745000038400000000e+10,8.193275779989075969e-02,-9.574117065073134425e-01
1.746100019200000000e+10,8.139838668660916154e-02,-1.555983788533517931e+00
1.747200000000000000e+10,8.006910123274359192e-02,-2.151426164890547277e+00
1.748299980800000000e+10,7.862873301324538322e-02,-2.733752149031290379e+00
1.749399961600000000e+10,7.814894939138052055e-02,2.978109917650665572e+00
1.750499942400000000e+10,7.917807358705637732e-02,2.406556949250854505e+00
1.751599923200000000e+10,8.117536427161262114e-02,1.818097754100658658e+00
1.752699904000000000e+10,8.260381127753876895e-02,1.206926785611661668e+00
1.753800089600000000e+10,8.204682360372696215e-02,5.874034698414999367e-01
1.754900070400000000e+10,7.970388573935499599e-02,-1.788788763529966866e-02
1.756000051200000000e+10,7.755427819220261920e-02,-5.981744364135209713e-01
1.757100032000000000e+10,7.693987566656469712e-02,-1.163919975978488175e+00
1.758200012800000000e+10,7.810467825309314049e-02,-1.735419354047692986e+00
1.759299993600000000e+10,8.007340987397031096e-02,-2.329819686173656201e+00
1.760399974400000000e+10,8.101737871183553596e-02,-2.947855605435625748e+00
1.761499955200000000e+10,7.981075361301497029e-02,2.717064435818731027e+00
1.762599936000000000e+10,7.724414580355852544e-02,2.120052147336005888e+00
1.763699916800000000e+10,7.523980890124506993e-02,1.548825770273315694e+00
1.764800102400000000e+10,7.498402429948979042e-02,9.887765318423007432e-01
1.765900083200000000e+10,7.644608356423054918e-02,4.157548657239373280e-01
1.767000064000000000e+10,7.840765579305450372e-02,-1.838026994039085871e-01
1.768100044800000000e+10,7.896803321034089052e-02,-8.028948103707586048e-01
1.769200025600000000e+10,7.736217893034035009e-02,-1.416802628229348437e+00
1.770300006400000000e+10,7.497875243685943325e-02,-2.007383517872199263e+00
1.771399987200000000e+10,7.342942686780305761e-02,-2.576303529349167398e+00
1.772499968000000000e+10,7.350087195980366250e-02,3.141502080976165789e+00
1.773599948800000000e+10,7.479455412513530410e-02,2.561911970936309402e+00
1.774699929600000000e+10,7.609088319532326949e-02,1.963051879074377171e+00
1.775799910400000000e+10,7.608726785776132040e-02,1.356975792654387059e+00
1.776900096000000000e+10,7.511813432146750846e-02,7.594814883787894821e-01
1.778000076800000000e+10,7.420123466198977336e-02,1.736074523067274167e-01
1.779100057600000000e+10,7.409802523596981105e-02,-4.092478673953575674e-01
1.780200038400000000e+10,7.456593253091393925e-02,-1.001251628817946715e+00
1.781300019200000000e+10,7.468830438413089079e-02,-1.603301859663817996e+00
1.782400000000000000e+10,7.369721239139059854e-02,-2.204345699308248641e+00
1.783499980800000000e+10,7.218798433769124667e-02,-2.791257171841575513e+00
1.784599961600000000e+10,7.120564086950610660e-02,2.919827100426787059e+00
1.785699942400000000e+10,7.146492061963553855e-02,2.350839703467634934e+00
1.786799923200000000e+10,7.273740833259149940e-02,1.768438065121769931e+00
1.787899904000000000e+10,7.387062342195316322e-02,1.166889731529726193e+00
1.789000089600000000e+10,7.380809394404852508e-02,5.547396434755680339e-01
1.790100070400000000e+10,7.242973560330658034e-02,-4.748203927738188501e-02
1.791200051200000000e+10,7.094070531561663673e-02,-6.288744678766461371e-01
1.792300032000000000e+10,7.049811426066934783e-02,-1.200249745298566539e+00
1.793400012800000000e+10,7.128989301738565543e-02,-1.778081879242039864e+00
1.794499993600000000e+10,7.233635431816215489e-02,-2.375139828566870115e+00
1.795599974400000000e+10,7.247861364358221259e-02,-2.985012515310879966e+00
1.796699955200000000e+10,7.118279460301107919e-02,2.694792334855878213e+00
1.797799936000000000e+10,6.939601972444232880e-02,2.110926242242661566e+00
1.798899916800000000e+10,6.840165759898084175e-02,1.544441902500601316e+00
1.799999897600000000e+10,6.881348746222158697e-02,9.789985690965986587e-01
