8.999999488000000000e+09,1.169707875579528850e-01,-3.099018024796202475e+00
9.011000320000000000e+09,1.178119451584346972e-01,-3.129106429276971468e+00
9.022000128000000000e+09,1.202606538292132349e-01,3.112301687322514887e+00
9.032999936000000000e+09,1.217120883762706357e-01,3.071301542765136006e+00
9.043999744000000000e+09,1.228466566880915961e-01,3.026179515362465100e+00
9.054999552000000000e+09,1.240296486341573301e-01,2.987944095980807013e+00
9.066000384000000000e+09,1.250143365309327737e-01,2.944340991685511444e+00
9.077000192000000000e+09,1.270683185806391335e-01,2.910141917968880776e+00
9.088000000000000000e+09,1.291377558833875505e-01,2.877695152320008276e+00
9.098999808000000000e+09,1.291688276037795957e-01,2.824114578296552214e+00
9.109999616000000000e+09,1.300896965138544081e-01,2.784657402794371350e+00
9.121000448000000000e+09,1.316800586760955571e-01,2.731429242519907152e+00
9.132000256000000000e+09,1.324783998171618349e-01,2.706747792429038402e+00
9.143000064000000000e+09,1.335864133627312211e-01,2.652247881062260504e+00
9.153999872000000000e+09,1.347921895018657223e-01,2.624379751808359362e+00
9.164999680000000000e+09,1.357285817396397254e-01,2.582990300899963731e+00
9.176000512000000000e+09,1.369101373932027632e-01,2.542292389544162035e+00
9.187000320000000000e+09,1.380439665057546783e-01,2.503713006552381160e+00
9.198000128000000000e+09,1.389988585420183498e-01,2.455277401932994152e+00
9.208999936000000000e+09,1.403960804762182935e-01,2.420714578933120809e+00
9.219999744000000000e+09,1.408309797273357977e-01,2.375089551928514897e+00
9.230999552000000000e+09,1.422017051189591319e-01,2.339305140738531019e+00
9.242000384000000000e+09,1.429660650473986994e-01,2.300062058775635521e+00
9.253000192000000000e+09,1.442262555985664163e-01,2.259542701176705748e+00
9.264000000000000000e+09,1.453460827626832652e-01,2.219983886193712230e+00
9.274999808000000000e+09,1.462378780300023218e-01,2.172700968903229501e+00
9.285999616000000000e+09,1.474129932870768545e-01,2.134292250851677952e+00
9.297000448000000000e+09,1.479169216857101621e-01,2.091008325086884945e+00
9.308000256000000000e+09,1.490615666487876967e-01,2.050896935996139536e+00
9.319000064000000000e+09,1.499608784324065192e-01,2.011147554564302276e+00
9.329999872000000000e+09,1.506805630166319632e-01,1.969110571292944423e+00
9.340999680000000000e+09,1.520116117355366503e-01,1.928723687482549076e+00
9.351999488000000000e+09,1.511223048099935296e-01,1.881298916767760065e+00
9.363000320000000000e+09,1.532398608109905025e-01,1.841161316190838892e+00
9.374000128000000000e+09,1.533858367476152451e-01,1.801123791325936363e+00
9.384999936000000000e+09,1.548914315064428560e-01,1.759018184805119400e+00
9.395999744000000000e+09,1.557536888523971819e-01,1.718747438077105949e+00
9.406999552000000000e+09,1.560841352166617013e-01,1.676457968318837199e+00
9.418000384000000000e+09,1.576255204496741225e-01,1.636840662681651848e+00
9.429000192000000000e+09,1.590566455907301835e-01,1.603076550128312627e+00
9.440000000000000000e+09,1.590202087923890395e-01,1.547678329370342665e+00
9.450999808000000000e+09,1.593727130694748140e-01,1.505720348604315140e+00
9.461999616000000000e+09,1.596520609645351307e-01,1.462610568506114150e+00
9.473000448000000000e+09,1.604649103011053235e-01,1.421815226029423895e+00
9.484000256000000000e+09,1.602674002639932482e-01,1.377121787154108601e+00
9.495000064000000000e+09,1.614498882767040622e-01,1.334738243388983170e+00
9.505999872000000000e+09,1.613902294136942972e-01,1.292456407187219547e+00
9.516999680000000000e+09,1.620529714702758917e-01,1.248135742887130695e+00
9.528000512000000000e+09,1.624991069877856908e-01,1.206843986983346051e+00
9.539000320000000000e+09,1.624741620401006503e-01,1.163834884393781355e+00
9.550000128000000000e+09,1.635413054286519452e-01,1.120523018502025625e+00
9.560999936000000000e+09,1.624767263992830113e-01,1.080197867460835459e+00
9.571999744000000000e+09,1.633954884505205152e-01,1.034428947243974717e+00
9.582999552000000000e+09,1.634526594639081898e-01,9.956055888431181167e-01
9.594000384000000000e+09,1.634443314621075172e-01,9.511760751867230912e-01
9.605000192000000000e+09,1.643566555165481835e-01,9.092853223897202630e-01
9.616000000000000000e+09,1.638319657015418485e-01,8.667538771100076200e-01
9.626999808000000000e+09,1.645284948274367831e-01,8.208887788951614306e-01
9.637999616000000000e+09,1.635937908903266624e-01,7.825432526742530648e-01
9.649000448000000000e+09,1.642679004633294249e-01,7.356651972939022288e-01
9.660000256000000000e+09,1.644872335827707033e-01,6.944186987402160005e-01
9.671000064000000000e+09,1.644146271796829706e-01,6.512077352796962204e-01
9.681999872000000000e+09,1.646834606783907362e-01,6.071234167345923582e-01
9.692999680000000000e+09,1.642367851892917174e-01,5.654860537415999922e-01
9.703999488000000000e+09,1.641943810506450718e-01,5.210611690444133526e-01
9.715000320000000000e+09,1.638924566894470747e-01,4.816769432840553589e-01
9.726000128000000000e+09,1.636418046450842934e-01,4.369791237851986532e-01
9.736999936000000000e+09,1.636427385620366493e-01,3.950617403564104513e-01
9.747999744000000000e+09,1.630754706957404654e-01,3.554838192539796493e-01
9.758999552000000000e+09,1.631575890382765959e-01,3.090319543962454785e-01
9.770000384000000000e+09,1.625405126689546120e-01,2.684342574307835294e-01
9.781000192000000000e+09,1.617214748381201050e-01,2.281159984482117598e-01
9.792000000000000000e+09,1.622109262810314534e-01,1.892342551334860179e-01
9.802999808000000000e+09,1.613256737505421867e-01,1.454561095630630130e-01
9.813999616000000000e+09,1.613636619722984555e-01,1.012606996868632148e-01
9.825000448000000000e+09,1.607238497347993345e-01,6.394459250627890223e-02
9.836000256000000000e+09,1.601090163575446257e-01,1.695958667663421265e-02
9.847000064000000000e+09,1.593777130242991502e-01,-1.154888444873853476e-02
9.857999872000000000e+09,1.593248037049906085e-01,-6.488248519960175542e-02
9.868999680000000000e+09,1.589997038476208269e-01,-1.057871291073973902e-01
9.880000512000000000e+09,1.582645671438163426e-01,-1.462057288213234885e-01
9.891000320000000000e+09,1.580095478748728965e-01,-1.905903290661226657e-01
9.902000128000000000e+09,1.576694137318123412e-01,-2.278639967047542403e-01
9.912999936000000000e+09,1.567941650265670950e-01,-2.723139705958932399e-01
9.923999744000000000e+09,1.565781569983231147e-01,-3.108433087169101272e-01
9.934999552000000000e+09,1.556982263227922880e-01,-3.540295407478495915e-01
9.946000384000000000e+09,1.554470698178208043e-01,-3.951935032585970342e-01
9.957000192000000000e+09,1.543783411502807346e-01,-4.352304336625529291e-01
9.968000000000000000e+09,1.542752295689549247e-01,-4.796878807765159736e-01
9.978999808000000000e+09,1.537892822828768880e-01,-5.177417877758834219e-01
9.989999616000000000e+09,1.529086685097702236e-01,-5.582952155935884120e-01
1.000100044800000000e+10,1.534145774846451815e-01,-5.988474692222657270e-01
1.001200025600000000e+10,1.518103199058848107e-01,-6.416789904488681140e-01
1.002300006400000000e+10,1.512399100543528885e-01,-6.883112137204093761e-01
1.003399987200000000e+10,1.507094051545468660e-01,-7.268693048853762662e-01
1.004499968000000000e+10,1.494518136661421859e-01,-7.741452839870949232e-01
1.005599948800000000e+10,1.492229320182702212e-01,-8.130402736537291064e-01
1.006700032000000000e+10,1.476975972682031679e-01,-8.537798875668110021e-01
1.007800012800000000e+10,1.472269332838765099e-01,-8.981139386009404646e-01
1.008899993600000000e+10,1.455924195901252549e-01,-9.394141669596338673e-01
1.009999974400000000e+10,1.441867686538283178e-01,-9.873157139367138013e-01
1.011099955200000000e+10,1.433210437017899130e-01,-1.025914379040963276e+00
1.012200038400000000e+10,1.413533209817867398e-01,-1.069276837144986336e+00
1.013300019200000000e+10,1.403393217519806058e-01,-1.109037574180771868e+00
1.014400000000000000e+10,1.387422489366576805e-01,-1.146470156007945329e+00
1.015499980800000000e+10,1.372117328321363072e-01,-1.188181629486135815e+00
1.016599961600000000e+10,1.355711228052556838e-01,-1.223688027954739743e+00
1.017700044800000000e+10,1.338632145136462448e-01,-1.263129887342684610e+00
1.018800025600000000e+10,1.325972914156065552e-01,-1.300660021949002543e+00
1.019900006400000000e+10,1.310377961012834103e-01,-1.345848772555079842e+00
1.020999987200000000e+10,1.296748975190690212e-01,-1.384005381896451281e+00
1.022099968000000000e+10,1.281474665621152864e-01,-1.403781630532057623e+00
1.023200051200000000e+10,1.272233066454316885e-01,-1.437544700583555546e+00
1.024300032000000000e+10,1.266680732048707791e-01,-1.469002229470367515e+00
1.025400012800000000e+10,1.253767103931980320e-01,-1.505616299747721820e+00
1.026499993600000000e+10,1.250233316969109332e-01,-1.538034779442835287e+00
1.027599974400000000e+10,1.239708407817681768e-01,-1.569841304851946395e+00
1.028699955200000000e+10,1.232959575094324939e-01,-1.606197026974377051e+00
1.029800038400000000e+10,1.226123383109226639e-01,-1.637179130223156198e+00
1.030900019200000000e+10,1.213048352337755265e-01,-1.675184118195033323e+00
1.032000000000000000e+10,1.215134337925998509e-01,-1.704418297450025932e+00
1.033099980800000000e+10,1.198579166669041657e-01,-1.741942020397541979e+00
1.034199961600000000e+10,1.195364879321575285e-01,-1.777258728983184266e+00
1.035300044800000000e+10,1.195573706976712919e-01,-1.807067460996396147e+00
1.036400025600000000e+10,1.182595848542117023e-01,-1.849683703503157695e+00
1.037500006400000000e+10,1.176674541438337829e-01,-1.878455098921553601e+00
1.038599987200000000e+10,1.161454946949782435e-01,-1.913871690350823274e+00
1.039699968000000000e+10,1.162077049157307085e-01,-1.948190355340886581e+00
1.040799948800000000e+10,1.159525410319467570e-01,-1.978096782962632139e+00
1.041900032000000000e+10,1.158102386434843867e-01,-2.022717671864118216e+00
1.043000012800000000e+10,1.146177977092130568e-01,-2.048782917225127065e+00
1.044099993600000000e+10,1.135126543325155196e-01,-2.088299058956513576e+00
1.045199974400000000e+10,1.131875145210957528e-01,-2.121393770871976781e+00
1.046299955200000000e+10,1.118918267342117051e-01,-2.157030460583909015e+00
1.047400038400000000e+10,1.115467087932446588e-01,-2.193455433421702239e+00
1.048500019200000000e+10,1.111975128000393942e-01,-2.225782532540397263e+00
1.049600000000000000e+10,1.105170825214916580e-01,-2.264110529184015341e+00
1.050699980800000000e+10,1.105223669426821098e-01,-2.297038120508548609e+00
1.051799961600000000e+10,1.089614855471118249e-01,-2.333322746628883504e+00
1.052900044800000000e+10,1.090635561378349161e-01,-2.368323253008040918e+00
1.054000025600000000e+10,1.080307683643336597e-01,-2.401846918318086832e+00
1.055100006400000000e+10,1.078003388040346955e-01,-2.441855776380029930e+00
1.056199987200000000e+10,1.085005278256236799e-01,-2.474565279954177743e+00
1.057299968000000000e+10,1.061542444801473195e-01,-2.519979871840102525e+00
1.058400051200000000e+10,1.054187152985944648e-01,-2.545564369607832944e+00
1.059500032000000000e+10,1.041093479239394437e-01,-2.580496006608068882e+00
1.060600012800000000e+10,1.041926145660111713e-01,-2.618625093679330273e+00
1.061699993600000000e+10,1.031370007549549522e-01,-2.653368720674792680e+00
1.062799974400000000e+10,1.023772911195551666e-01,-2.691985291617012610e+00
1.063899955200000000e+10,1.026907774983319144e-01,-2.727753478644593166e+00
1.065000038400000000e+10,1.009269569184529786e-01,-2.764417285617103204e+00
1.066100019200000000e+10,1.011456716055111199e-01,-2.797777181019192927e+00
1.067200000000000000e+10,9.918864225718286576e-02,-2.831001252563349890e+00
1.068299980800000000e+10,9.876598403298589290e-02,-2.870138908778288034e+00
1.069399961600000000e+10,9.770273240176445551e-02,-2.904558223246012094e+00
1.070500044800000000e+10,9.663002453973695838e-02,-2.941237624159399378e+00
1.071600025600000000e+10,9.711161518212507726e-02,-2.979700851648468873e+00
1.072700006400000000e+10,9.474843292560064523e-02,-3.011272955722367417e+00
1.073799987200000000e+10,9.443170063999085928e-02,-3.045261929998058115e+00
1.074899968000000000e+10,9.332012970057323997e-02,-3.079574576724182222e+00
1.075999948800000000e+10,9.242218605323475333e-02,-3.118850222235250325e+00
1.077100032000000000e+10,9.253237453742826912e-02,3.126885875146211191e+00
1.078200012800000000e+10,9.062335936440552020e-02,3.088995993434642262e+00
1.079299993600000000e+10,9.061025849093670703e-02,3.053964807687551630e+00
1.080399974400000000e+10,8.829430383162563400e-02,3.027234457193427541e+00
1.081499955200000000e+10,8.752335165299172937e-02,2.987911883542464064e+00
1.082600038400000000e+10,8.612628200640019827e-02,2.954798868794521471e+00
1.083700019200000000e+10,8.482291924086658719e-02,2.919765436651733825e+00
1.084800000000000000e+10,8.236301558641836995e-02,2.893575603438154342e+00
1.085899980800000000e+10,8.193593898791073915e-02,2.856171715962909197e+00
1.086999961600000000e+10,8.159716092390380260e-02,2.825064559856753199e+00
1.088100044800000000e+10,8.001972740804237649e-02,2.789848411745800671e+00
1.089200025600000000e+10,7.907638664246498250e-02,2.749679489094529750e+00
1.090300006400000000e+10,7.764050668423548573e-02,2.726541413860807506e+00
1.091399987200000000e+10,7.615851732220688119e-02,2.695352554984714821e+00
1.092499968000000000e+10,7.546835348267209864e-02,2.664056248498878343e+00
1.093600051200000000e+10,7.350828627333433340e-02,2.640808105613828616e+00
1.094700032000000000e+10,7.242846821895018716e-02,2.610636005040329888e+00
1.095800012800000000e+10,7.110776851574818203e-02,2.586857673228196486e+00
1.096899993600000000e+10,6.983745454953695087e-02,2.556299871605167695e+00
1.097999974400000000e+10,6.850512710199763156e-02,2.531255326646983939e+00
1.099099955200000000e+10,6.712311615568361534e-02,2.507059174627153109e+00
1.100200038400000000e+10,6.583538970366388521e-02,2.473247609235407651e+00
1.101300019200000000e+10,6.447975807008177185e-02,2.462660972088190015e+00
1.102400000000000000e+10,6.360461151061039264e-02,2.423781694369214090e+00
1.103499980800000000e+10,6.176253320961126031e-02,2.419157985389377874e+00
1.104599961600000000e+10,6.024613314702909062e-02,2.400488302815254826e+00
1.105700044800000000e+10,5.908192276955647609e-02,2.383335750016253751e+00
1.106800025600000000e+10,5.750984644546450197e-02,2.375803042872744797e+00
1.107900006400000000e+10,5.703523078101814525e-02,2.346068464147252008e+00
1.108999987200000000e+10,5.510449680718692428e-02,2.364945812735830710e+00
1.110099968000000000e+10,5.418793072044771758e-02,2.356784978922730200e+00
1.111199948800000000e+10,5.318317527813033740e-02,2.357806701791877568e+00
1.112300032000000000e+10,5.222736963919805825e-02,2.360834837828136301e+00
1.113400012800000000e+10,5.192294164671777679e-02,2.362337924115571752e+00
1.114499993600000000e+10,5.126300646568686392e-02,2.380438668689556003e+00
1.115599974400000000e+10,5.122784418889914093e-02,2.382992626878045694e+00
1.116699955200000000e+10,5.149941006686436368e-02,2.402831918550415224e+00
1.117800038400000000e+10,5.182087932576802392e-02,2.409104203311740466e+00
1.118900019200000000e+10,5.250151741650060933e-02,2.419043734933074674e+00
1.120000000000000000e+10,5.339440280801870803e-02,2.426108127904277545e+00
1.121099980800000000e+10,5.454304969580518053e-02,2.430403061157469846e+00
1.122199961600000000e+10,5.600800905407772590e-02,2.429720968425833849e+00
1.123300044800000000e+10,5.761193058229167885e-02,2.422783329640248340e+00
1.124400025600000000e+10,5.924921483401130590e-02,2.408550725574545304e+00
1.125500006400000000e+10,6.046564240712173216e-02,2.394814722037679644e+00
1.126599987200000000e+10,6.251254257062588415e-02,2.378931375880705357e+00
1.127699968000000000e+10,6.421229891146575108e-02,2.366950177072158823e+00
1.128800051200000000e+10,6.614535209244583325e-02,2.338019131783855897e+00
1.129900032000000000e+10,6.796787428896011729e-02,2.323976139998957802e+00
1.131000012800000000e+10,6.974352644471194795e-02,2.294891329633012234e+00
1.132099993600000000e+10,7.146837925282921444e-02,2.267407567503477939e+00
1.133199974400000000e+10,7.308334660255080828e-02,2.238909259951738395e+00
1.134299955200000000e+10,7.473035899929036940e-02,2.207860451426770787e+00
1.135400038400000000e+10,7.659987518578686982e-02,2.179999640678959683e+00
1.136500019200000000e+10,7.726688110372903484e-02,2.133852997975754562e+00
1.137600000000000000e+10,7.986066144268649802e-02,2.108198589959474845e+00
1.138699980800000000e+10,8.061647349964429221e-02,2.069029147108864208e+00
1.139799961600000000e+10,8.259636460527285118e-02,2.041618199853979299e+00
1.140900044800000000e+10,8.398213994394898574e-02,2.010146251240590765e+00
1.142000025600000000e+10,8.518292688874151697e-02,1.981184187632658134e+00
1.143100006400000000e+10,8.705954148499302214e-02,1.942225108822980717e+00
1.144199987200000000e+10,9.017768632721254174e-02,1.907269237465011535e+00
1.145299968000000000e+10,8.981695497905466119e-02,1.866888629058945703e+00
1.146399948800000000e+10,9.097812013799654041e-02,1.829078469696625353e+00
1.147500032000000000e+10,9.211220392668771628e-02,1.793202849657275166e+00
1.148600012800000000e+10,9.346743953624928047e-02,1.758591727459459131e+00
1.149699993600000000e+10,9.391273923281340252e-02,1.709942944041597412e+00
1.150799974400000000e+10,9.592972490124967999e-02,1.683070591049986353e+00
1.151899955200000000e+10,9.640860788799271441e-02,1.643892336679195987e+00
1.153000038400000000e+10,9.809566504342188964e-02,1.607497543262905504e+00
1.154100019200000000e+10,9.914499043352958951e-02,1.571028473055544161e+00
1.155200000000000000e+10,1.001917328119203976e-01,1.530649371453033147e+00
1.156299980800000000e+10,1.015230638780502403e-01,1.496245008367653062e+00
1.157399961600000000e+10,1.023160738698099675e-01,1.457973253358814558e+00
1.158500044800000000e+10,1.038169057053959371e-01,1.420065419528869333e+00
1.159600025600000000e+10,1.048710125899243312e-01,1.382030107186852153e+00
1.160700006400000000e+10,1.057606059104208435e-01,1.338381470816876639e+00
1.161799987200000000e+10,1.066180993654597259e-01,1.305167538785597214e+00
1.162899968000000000e+10,1.072907386863837520e-01,1.262901527016957903e+00
1.164000051200000000e+10,1.087733051789567251e-01,1.227997447591655300e+00
1.165100032000000000e+10,1.099563393895024305e-01,1.188742388306439413e+00
1.166200012800000000e+10,1.107162274929268941e-01,1.148633975288416709e+00
1.167299993600000000e+10,1.115637530321438586e-01,1.108476127648310161e+00
1.168399974400000000e+10,1.122258124378443106e-01,1.069977683709623317e+00
1.169499955200000000e+10,1.133867919466880619e-01,1.031900732581105595e+00
1.170600038400000000e+10,1.140808425489494016e-01,9.931064810426848410e-01
1.171700019200000000e+10,1.150889500893774314e-01,9.508933641960676253e-01
1.172800000000000000e+10,1.150658617453698684e-01,9.182689172173327252e-01
1.173899980800000000e+10,1.162671081422399916e-01,8.671731623589716831e-01
1.174999961600000000e+10,1.167332008416447492e-01,8.342381890919662313e-01
1.176100044800000000e+10,1.180950930111043379e-01,7.930634127918526621e-01
1.177200025600000000e+10,1.192878216348663284e-01,7.529356338977170049e-01
1.178300006400000000e+10,1.198841559764455278e-01,7.139240428376245617e-01
1.179399987200000000e+10,1.214151442313792517e-01,6.687564544804383004e-01
1.180499968000000000e+10,1.228784555227282610e-01,6.248258371784082277e-01
1.181599948800000000e+10,1.219399568394687189e-01,5.887885515763319200e-01
1.182700032000000000e+10,1.226780279650634825e-01,5.491671346077738880e-01
1.183800012800000000e+10,1.229798927745384546e-01,5.099321409112179682e-01
1.184899993600000000e+10,1.241607000909679959e-01,4.672088334677254040e-01
1.185999974400000000e+10,1.238489141137659455e-01,4.317884150227079276e-01
1.187099955200000000e+10,1.243736417065955530e-01,3.852350541711423992e-01
1.188200038400000000e+10,1.248775152804160182e-01,3.536130868774239322e-01
1.189300019200000000e+10,1.259251880133617496e-01,3.044505672222316828e-01
1.190400000000000000e+10,1.266965413486693948e-01,2.629935064464235528e-01
1.191499980800000000e+10,1.269206324527227259e-01,2.230994055021905675e-01
1.192599961600000000e+10,1.277189902930987997e-01,1.790325431733205408e-01
1.193700044800000000e+10,1.282119261589442782e-01,1.390369076458075892e-01
1.194800025600000000e+10,1.276983940172419507e-01,1.022223650883274798e-01
1.195900006400000000e+10,1.291732252608537024e-01,6.183512720256417045e-02
1.196999987200000000e+10,1.293581925747008254e-01,1.424973043798509822e-02
1.198099968000000000e+10,1.294528471783809864e-01,-2.768685691717491862e-02
1.199200051200000000e+10,1.295067576495175232e-01,-7.091527118479233616e-02
1.200300032000000000e+10,1.299900475721033621e-01,-1.107021372692937045e-01
1.201400012800000000e+10,1.302991744539225560e-01,-1.526275405240047622e-01
1.202499993600000000e+10,1.301140236966129848e-01,-1.962791723615198158e-01
1.203599974400000000e+10,1.302269577913722498e-01,-2.366945735350514113e-01
1.204699955200000000e+10,1.302231475113439230e-01,-2.755500166334010625e-01
1.205800038400000000e+10,1.305935998959542876e-01,-3.195782158196832645e-01
1.206900019200000000e+10,1.308385823324520469e-01,-3.563210682065282575e-01
1.208000000000000000e+10,1.298960702129362266e-01,-3.983631814408117311e-01
1.209099980800000000e+10,1.306911678598002002e-01,-4.293401369509285970e-01
1.210199961600000000e+10,1.297486796956959787e-01,-4.770179287766339038e-01
1.211300044800000000e+10,1.307875958510087699e-01,-5.196378224968414283e-01
1.212400025600000000e+10,1.304888407126328642e-01,-5.616314768535349833e-01
1.213500006400000000e+10,1.304718616866593073e-01,-6.065318486549545751e-01
1.214599987200000000e+10,1.304438922033416548e-01,-6.456291575388032333e-01
1.215699968000000000e+10,1.302747387819319924e-01,-6.830902252520270057e-01
1.216799948800000000e+10,1.306014176314277964e-01,-7.270554497811674288e-01
1.217900032000000000e+10,1.299468635984360465e-01,-7.682532452518696653e-01
1.219000012800000000e+10,1.296083036844964953e-01,-8.117791188602700991e-01
1.220099993600000000e+10,1.296023927643187024e-01,-8.501094463506821963e-01
1.221199974400000000e+10,1.291322654476144138e-01,-8.926009067626794469e-01
1.222299955200000000e+10,1.289370000922662463e-01,-9.340483428589430037e-01
1.223400038400000000e+10,1.277480037296207516e-01,-9.816284707694703515e-01
1.224500019200000000e+10,1.276149383101457535e-01,-1.019310026338990038e+00
1.225600000000000000e+10,1.273985273882255187e-01,-1.052787682963288951e+00
1.226699980800000000e+10,1.273067198197874450e-01,-1.095046150169604271e+00
1.227799961600000000e+10,1.271362412044501622e-01,-1.132569183924180489e+00
1.228900044800000000e+10,1.265933562168327364e-01,-1.173779778683254227e+00
1.230000025600000000e+10,1.264051890023520641e-01,-1.213931808427203496e+00
1.231100006400000000e+10,1.261884731777713764e-01,-1.246478844968452737e+00
1.232199987200000000e+10,1.256375506672416653e-01,-1.292929554961395500e+00
1.233299968000000000e+10,1.247158615013963107e-01,-1.335282213226226977e+00
1.234400051200000000e+10,1.240850032415928283e-01,-1.370768860583034154e+00
1.235500032000000000e+10,1.233830382765028072e-01,-1.408273369767590877e+00
1.236600012800000000e+10,1.231049458410483910e-01,-1.450387417592114092e+00
1.237699993600000000e+10,1.223904937107110902e-01,-1.488813090307805842e+00
1.238799974400000000e+10,1.212720271640816694e-01,-1.524340213923399467e+00
1.239899955200000000e+10,1.211508103613836013e-01,-1.564211646837438963e+00
1.241000038400000000e+10,1.211050268096797861e-01,-1.601849702234506179e+00
1.242100019200000000e+10,1.202160345950475384e-01,-1.641121764192418508e+00
1.243200000000000000e+10,1.197628899722999879e-01,-1.679875845193176565e+00
1.244299980800000000e+10,1.176048120997060104e-01,-1.711140311901948596e+00
1.245399961600000000e+10,1.172872948364636347e-01,-1.751296331824949926e+00
1.246500044800000000e+10,1.181074875423850784e-01,-1.787408852035453188e+00
1.247600025600000000e+10,1.173025961937488870e-01,-1.827335338998850700e+00
1.248700006400000000e+10,1.169350641805587954e-01,-1.865322306243860195e+00
1.249799987200000000e+10,1.159808117975100333e-01,-1.901404877302026897e+00
1.250899968000000000e+10,1.152595677900242199e-01,-1.938567177526225649e+00
1.251999948800000000e+10,1.157863079692182384e-01,-1.973772845268078946e+00
1.253100032000000000e+10,1.143062569788008548e-01,-2.013122150402319122e+00
1.254200012800000000e+10,1.140366074777187377e-01,-2.046231030597216449e+00
1.255299993600000000e+10,1.129590601131896244e-01,-2.082050252522216649e+00
1.256399974400000000e+10,1.126138862459105106e-01,-2.119896784176015903e+00
1.257499955200000000e+10,1.116521116036968131e-01,-2.152224814286638033e+00
1.258600038400000000e+10,1.109444985889876389e-01,-2.188144043859913346e+00
1.259700019200000000e+10,1.120510050695186083e-01,-2.217491606929942627e+00
1.260800000000000000e+10,1.101196944542405659e-01,-2.260266377538230564e+00
1.261899980800000000e+10,1.097285737093650071e-01,-2.293289804291180456e+00
1.262999961600000000e+10,1.088021946668318723e-01,-2.329078565285278124e+00
1.264100044800000000e+10,1.083414605335861342e-01,-2.366602628902638727e+00
1.265200025600000000e+10,1.076909018559989023e-01,-2.400101966546621224e+00
1.266300006400000000e+10,1.069789730318496113e-01,-2.433789762399175771e+00
1.267399987200000000e+10,1.070185788500774698e-01,-2.470018358739073161e+00
1.268499968000000000e+10,1.058382438592362640e-01,-2.499555695990212989e+00
1.269600051200000000e+10,1.057770184413290571e-01,-2.534161008794622028e+00
1.270700032000000000e+10,1.049193573302636406e-01,-2.569048283478779116e+00
1.271800012800000000e+10,1.042097796988046277e-01,-2.603632712686125839e+00
1.272899993600000000e+10,1.024193880592176309e-01,-2.635687051100044087e+00
1.273999974400000000e+10,1.025303815225644399e-01,-2.666916371173945866e+00
1.275099955200000000e+10,1.026697866239423551e-01,-2.693756530188474496e+00
1.276200038400000000e+10,1.020032428007179581e-01,-2.733530334734758149e+00
1.277300019200000000e+10,1.018278313026693138e-01,-2.769725882186677701e+00
1.278400000000000000e+10,1.011939850745104952e-01,-2.801966607056380898e+00
1.279499980800000000e+10,1.006114993225806636e-01,-2.834535273001959954e+00
1.280599961600000000e+10,1.004755500298930848e-01,-2.869463844205511371e+00
1.281700044800000000e+10,9.961616136637779784e-02,-2.898484999418847075e+00
1.282800025600000000e+10,9.950053579262738146e-02,-2.930233974359957472e+00
1.283900006400000000e+10,9.881481337907216389e-02,-2.962906140574596225e+00
1.284999987200000000e+10,9.833538553214180022e-02,-2.996493959359812997e+00
1.286099968000000000e+10,9.764376653547411633e-02,-3.028782101122107662e+00
1.287199948800000000e+10,9.712112638049007207e-02,-3.058810077343376399e+00
1.288300032000000000e+10,9.638226882904689374e-02,-3.076560504644877625e+00
1.289400012800000000e+10,9.648013428438788341e-02,-3.120529511118025123e+00
1.290499993600000000e+10,9.589608578750044576e-02,3.130410005381851768e+00
1.291599974400000000e+10,9.585950641407012252e-02,3.100091763776557929e+00
1.292699955200000000e+10,9.550128760776235848e-02,3.068693765166599530e+00
1.293800038400000000e+10,9.552836274667876604e-02,3.031166265369131807e+00
1.294900019200000000e+10,9.467691600725319789e-02,3.002445616142616291e+00
1.296000000000000000e+10,9.475903196302232212e-02,2.965749781669672736e+00
1.297099980800000000e+10,9.398716673908887043e-02,2.942265729160574494e+00
1.298199961600000000e+10,9.363274317505096422e-02,2.907386128403533831e+00
1.299300044800000000e+10,9.316991928729709271e-02,2.878196478701796845e+00
1.300400025600000000e+10,9.279094025067814722e-02,2.847862138682484279e+00
1.301500006400000000e+10,9.270550346916048290e-02,2.817035527276065210e+00
1.302599987200000000e+10,9.254519926430113119e-02,2.788664563420285791e+00
1.303699968000000000e+10,9.218035691612418148e-02,2.751315930508458241e+00
1.304800051200000000e+10,9.216753511762694473e-02,2.726060232295454355e+00
1.305900032000000000e+10,9.185711982078592630e-02,2.693629762036259923e+00
1.307000012800000000e+10,9.140451578130057153e-02,2.663684155942731557e+00
1.308099993600000000e+10,9.115620399178066269e-02,2.635039758191606740e+00
1.309199974400000000e+10,9.106531818239706200e-02,2.613536909355221649e+00
1.310299955200000000e+10,9.085800642456451359e-02,2.575050064816525541e+00
1.311400038400000000e+10,9.100740813793958828e-02,2.541342778719764439e+00
1.312500019200000000e+10,9.045641174532405293e-02,2.512078496283481677e+00
1.313600000000000000e+10,9.017738169817524074e-02,2.481373897697370268e+00
1.314699980800000000e+10,9.030646294555606801e-02,2.456839436067245863e+00
1.315799961600000000e+10,9.014978967704403989e-02,2.425044178316902332e+00
1.316900044800000000e+10,9.022301426257373080e-02,2.384880575708033579e+00
1.318000025600000000e+10,9.007603693578890292e-02,2.360803175659101694e+00
1.319100006400000000e+10,8.983673384379499416e-02,2.325737617574910043e+00
1.320199987200000000e+10,8.964510858552657280e-02,2.297271157626722626e+00
1.321299968000000000e+10,8.944146194694355123e-02,2.268626273969251539e+00
1.322399948800000000e+10,8.913074692311526159e-02,2.241745554880377078e+00
1.323500032000000000e+10,8.952957338516508157e-02,2.210925120402288169e+00
1.324600012800000000e+10,9.143231554936222250e-02,2.187041940590288114e+00
1.325699993600000000e+10,8.958336618713592936e-02,2.147498698445085452e+00
1.326799974400000000e+10,8.942461824822067751e-02,2.114957039110171522e+00
1.327899955200000000e+10,8.947866856323861973e-02,2.085234780976524149e+00
1.329000038400000000e+10,8.938633457545148986e-02,2.056133680753325255e+00
1.330100019200000000e+10,8.939848870805848502e-02,2.019422016879423687e+00
1.331200000000000000e+10,8.952202529929187413e-02,1.994315733811520941e+00
1.332299980800000000e+10,8.927071394849563080e-02,1.957109861445817334e+00
1.333399961600000000e+10,8.948515192107270311e-02,1.929756593980890722e+00
1.334500044800000000e+10,8.934310031473392810e-02,1.897732903509989910e+00
1.335600025600000000e+10,8.928556197983773812e-02,1.867080266819612921e+00
1.336700006400000000e+10,8.966921129591461093e-02,1.838574556295578422e+00
1.337799987200000000e+10,8.934032294070207159e-02,1.805220467195533640e+00
1.338899968000000000e+10,9.022663939430676516e-02,1.773637939545630759e+00
1.340000051200000000e+10,8.996934952936115615e-02,1.742489819874488255e+00
1.341100032000000000e+10,9.027494171490882402e-02,1.707461758408222119e+00
1.342200012800000000e+10,9.019161719533461130e-02,1.676649394630532530e+00
1.343299993600000000e+10,9.011398018054937731e-02,1.643131445240641142e+00
1.344399974400000000e+10,9.033981742105111346e-02,1.613598292067262685e+00
1.345499955200000000e+10,9.216046516448130055e-02,1.596573234167801836e+00
1.346600038400000000e+10,9.051839804219731500e-02,1.547348257588184506e+00
1.347700019200000000e+10,9.044234101076946419e-02,1.513103380007013055e+00
1.348800000000000000e+10,9.052744106807583679e-02,1.480781127666829899e+00
1.349899980800000000e+10,9.070935857783749001e-02,1.449182012578751788e+00
1.350999961600000000e+10,9.066280644813302925e-02,1.413034828895508355e+00
1.352100044800000000e+10,9.114971872519637974e-02,1.379735569141798956e+00
1.353200025600000000e+10,9.028101859117210193e-02,1.341064117641709519e+00
1.354300006400000000e+10,9.112792064438288153e-02,1.309376013919317350e+00
1.355399987200000000e+10,9.101610387611654140e-02,1.275439594782508568e+00
1.356499968000000000e+10,9.073228215256981533e-02,1.240119915744753554e+00
1.357599948800000000e+10,9.083898976182161467e-02,1.206895022153334107e+00
1.358700032000000000e+10,8.991256965287648673e-02,1.165465472746637587e+00
1.359800012800000000e+10,9.072115857078442980e-02,1.135219378849873006e+00
1.360899993600000000e+10,9.000310441522646476e-02,1.099814837756994068e+00
1.361999974400000000e+10,9.031862214502632547e-02,1.066696604909389112e+00
1.363099955200000000e+10,9.003048448857622899e-02,1.032313006636198960e+00
1.364200038400000000e+10,9.012426203238273203e-02,9.947244910259666062e-01
1.365300019200000000e+10,8.946226262420661768e-02,9.605651660431482330e-01
1.366400000000000000e+10,8.824265574726782024e-02,9.249681953708500659e-01
1.367499980800000000e+10,8.814188078683955763e-02,8.920407604744355901e-01
1.368599961600000000e+10,8.720193170472134714e-02,8.618781801581107960e-01
1.369700044800000000e+10,8.696133993025972897e-02,8.301397798162726271e-01
1.370800025600000000e+10,8.657963125294383666e-02,8.006782422190712456e-01
1.371900006400000000e+10,8.599892857925856005e-02,7.697507412578031838e-01
1.372999987200000000e+10,8.579480454192901784e-02,7.404585257899558570e-01
1.374099968000000000e+10,8.404500569891826256e-02,7.098454898146060454e-01
1.375200051200000000e+10,8.471672877580305183e-02,6.848566138203835418e-01
1.376300032000000000e+10,8.418824415463581345e-02,6.606571394435438727e-01
1.377400012800000000e+10,8.389536019029791847e-02,6.351034838344746802e-01
1.378499993600000000e+10,8.371604866250967336e-02,6.128081498310172792e-01
1.379599974400000000e+10,8.342151261020036568e-02,5.864151648914800452e-01
1.380699955200000000e+10,8.350908963041095423e-02,5.630435395965792678e-01
1.381800038400000000e+10,8.306361146593053968e-02,5.404232537122901636e-01
1.382900019200000000e+10,8.344677330520459957e-02,5.163160124628435321e-01
1.384000000000000000e+10,8.373291746721538142e-02,4.943628025486440647e-01
1.385099980800000000e+10,8.409430646703666690e-02,4.699119188652589041e-01
1.386199961600000000e+10,8.475836623014647297e-02,4.442667178988565779e-01
1.387300044800000000e+10,8.580359674294879557e-02,4.253041017507429022e-01
1.388400025600000000e+10,8.594323640952382382e-02,3.887652174584486087e-01
1.389500006400000000e+10,8.661061746387199722e-02,3.583822339904220167e-01
1.390599987200000000e+10,8.652651885425521883e-02,3.377860039585807717e-01
1.391699968000000000e+10,8.720610249823425308e-02,3.117638189326337739e-01
1.392799948800000000e+10,8.762915231496651303e-02,2.836772692343111357e-01
1.393900032000000000e+10,8.881885470338872490e-02,2.535075267647962649e-01
1.395000012800000000e+10,8.884171213853531146e-02,2.259637617833184231e-01
1.396099993600000000e+10,9.011455519062794295e-02,1.929967409560516545e-01
1.397199974400000000e+10,9.080631455475635105e-02,1.624481327523710772e-01
1.398299955200000000e+10,9.139204045012873368e-02,1.309290456578874606e-01
1.399400038400000000e+10,9.236563910717585091e-02,9.922728257896097637e-02
1.400500019200000000e+10,9.298451482200183194e-02,6.994428370153220331e-02
1.401600000000000000e+10,9.371727764005516326e-02,3.297275252856383954e-02
1.402699980800000000e+10,9.437628540227155360e-02,5.250563639689796551e-03
1.403799961600000000e+10,9.498132949282631077e-02,-3.382071250865946455e-02
1.404900044800000000e+10,9.580867279831618843e-02,-6.507997547204044664e-02
1.406000025600000000e+10,9.632049689446543772e-02,-9.956244807041755851e-02
1.407100006400000000e+10,9.740919072431461490e-02,-1.359598194889941880e-01
1.408199987200000000e+10,9.870380466151497389e-02,-1.659885669680959963e-01
1.409299968000000000e+10,9.887487233478621518e-02,-2.116725919253054089e-01
1.410400051200000000e+10,9.960570725251907676e-02,-2.533230467735356761e-01
1.411500032000000000e+10,1.000345013920588694e-01,-2.780364223392562395e-01
1.412600012800000000e+10,1.006071816672744340e-01,-3.133737948926965111e-01
1.413699993600000000e+10,1.012337852110404834e-01,-3.490998597992786556e-01
1.414799974400000000e+10,1.018819253400636282e-01,-3.875931735032513425e-01
1.415899955200000000e+10,1.022079598843776693e-01,-4.215222980093994432e-01
1.417000038400000000e+10,1.028131166907463034e-01,-4.603838903926766868e-01
1.418100019200000000e+10,1.034860142926456450e-01,-4.966297228818810638e-01
1.419200000000000000e+10,1.039575744703952198e-01,-5.366206478935882096e-01
1.420299980800000000e+10,1.046283693501504353e-01,-5.746483836960903924e-01
1.421399961600000000e+10,1.051186795177951189e-01,-6.110089923532379119e-01
1.422500044800000000e+10,1.056750957990477552e-01,-6.513623824098058179e-01
1.423600025600000000e+10,1.063020741710364453e-01,-6.888956655507300075e-01
1.424700006400000000e+10,1.064516237743043381e-01,-7.260549766349837508e-01
1.425799987200000000e+10,1.068492713722251908e-01,-7.632467697151398278e-01
1.426899968000000000e+10,1.075733961971136604e-01,-8.032393052474664508e-01
1.427999948800000000e+10,1.078899150351022990e-01,-8.421404124588508511e-01
1.429100032000000000e+10,1.075945326988746870e-01,-8.817289404353133575e-01
1.430200012800000000e+10,1.083262910963480180e-01,-9.194548474278615435e-01
1.431299993600000000e+10,1.086471473579086189e-01,-9.566431865178075533e-01
1.432399974400000000e+10,1.090598347040219879e-01,-9.972528647878083907e-01
1.433499955200000000e+10,1.094671198029283782e-01,-1.037052665560213471e+00
1.434600038400000000e+10,1.098294362880786329e-01,-1.074638082705006603e+00
1.435700019200000000e+10,1.099281889903013926e-01,-1.117896737088106107e+00
1.436800000000000000e+10,1.103026501697347006e-01,-1.153115838713124619e+00
1.437899980800000000e+10,1.102952134987615074e-01,-1.192790087757084727e+00
1.438999961600000000e+10,1.107140789627070188e-01,-1.231368600264722390e+00
1.440100044800000000e+10,1.105005095871988974e-01,-1.272402835710189750e+00
1.441200025600000000e+10,1.107754230284962865e-01,-1.314288405486689681e+00
1.442300006400000000e+10,1.106808110074053442e-01,-1.354755753287181230e+00
1.443399987200000000e+10,1.107749765668705755e-01,-1.394896450132378840e+00
1.444499968000000000e+10,1.108745637986980753e-01,-1.432485145003288274e+00
1.445600051200000000e+10,1.106149683979996551e-01,-1.469078356620708847e+00
1.446700032000000000e+10,1.113253524281543616e-01,-1.508207350203878638e+00
1.447800012800000000e+10,1.110351157570389352e-01,-1.549463432645563188e+00
1.448899993600000000e+10,1.110073284058057247e-01,-1.591962732596489793e+00
1.449999974400000000e+10,1.113344441782513905e-01,-1.631209741402033897e+00
1.451099955200000000e+10,1.106851119768430258e-01,-1.674091660286021854e+00
1.452200038400000000e+10,1.103003425885334121e-01,-1.718315875812551186e+00
1.453300019200000000e+10,1.093363237026123563e-01,-1.752801919458774282e+00
1.454400000000000000e+10,1.095188276710534481e-01,-1.792235025354372624e+00
1.455499980800000000e+10,1.100273878087864726e-01,-1.828755231328359709e+00
1.456599961600000000e+10,1.097782468877939177e-01,-1.870244733202151233e+00
1.457700044800000000e+10,1.098313100697681371e-01,-1.910153098634257418e+00
1.458800025600000000e+10,1.093226966576497233e-01,-1.947766756820537681e+00
1.459900006400000000e+10,1.090239700427866887e-01,-1.985646459780943562e+00
1.460999987200000000e+10,1.089978832267757131e-01,-2.022871963790708438e+00
1.462099968000000000e+10,1.087538304435858583e-01,-2.062821574709349459e+00
1.463199948800000000e+10,1.083715053857234323e-01,-2.102813387969540759e+00
1.464300032000000000e+10,1.079231197723775904e-01,-2.140908715446586896e+00
1.465400012800000000e+10,1.070645812504126687e-01,-2.181087589801172122e+00
1.466499993600000000e+10,1.063975428849117527e-01,-2.212654599908690845e+00
1.467599974400000000e+10,1.057252449853965659e-01,-2.252466751312935056e+00
1.468699955200000000e+10,1.065995079622507613e-01,-2.293280508627869807e+00
1.469800038400000000e+10,1.061113629626358607e-01,-2.332966205484996891e+00
1.470900019200000000e+10,1.061542267996101047e-01,-2.370933227585163117e+00
1.472000000000000000e+10,1.051165470352320858e-01,-2.411617192893710016e+00
1.473099980800000000e+10,1.046112561071698699e-01,-2.453554451068626019e+00
1.474199961600000000e+10,1.044061967456229589e-01,-2.482796313851808101e+00
1.475300044800000000e+10,1.040063870264511386e-01,-2.520197129519033297e+00
1.476400025600000000e+10,1.026362509268879120e-01,-2.557471008986317962e+00
1.477500006400000000e+10,1.030527060968747660e-01,-2.595484233817400455e+00
1.478599987200000000e+10,1.024867616535955483e-01,-2.630142702110930486e+00
1.479699968000000000e+10,1.022727003018862463e-01,-2.667662652325163641e+00
1.480800051200000000e+10,1.019569417300178887e-01,-2.705894212004020805e+00
1.481900032000000000e+10,1.016652693121845724e-01,-2.739972318183273803e+00
1.483000012800000000e+10,1.008876943460219333e-01,-2.778236970448745069e+00
1.484099993600000000e+10,1.004528881921907951e-01,-2.813751434436907672e+00
1.485199974400000000e+10,9.979983491833370468e-02,-2.849391366506101253e+00
1.486299955200000000e+10,9.938249580901638291e-02,-2.885812776219795150e+00
1.487400038400000000e+10,9.866702530255778980e-02,-2.921358461902026082e+00
1.488500019200000000e+10,9.808193930591198317e-02,-2.957600873890187110e+00
1.489600000000000000e+10,9.722563366269704188e-02,-2.992580500447987735e+00
1.490699980800000000e+10,9.695813656008538117e-02,-3.027745686378659595e+00
1.491799961600000000e+10,9.686844329115057439e-02,-3.064253861573050131e+00
1.492900044800000000e+10,9.618699368232185021e-02,-3.096534858810497948e+00
1.494000025600000000e+10,9.596758698564081258e-02,-3.133081884946478546e+00
1.495100006400000000e+10,9.540658177455138556e-02,3.115635615678139292e+00
1.496199987200000000e+10,9.485204881937918386e-02,3.081567933711970131e+00
1.497299968000000000e+10,9.442171836522258999e-02,3.045722934594471631e+00
1.498399948800000000e+10,9.368650805634330669e-02,3.013544432282808216e+00
1.499500032000000000e+10,9.295574180055055091e-02,2.978508912143559950e+00
1.500600012800000000e+10,9.182523623192223594e-02,2.951681850171248733e+00
1.501699993600000000e+10,9.100648940693341349e-02,2.916340984789035140e+00
1.502799974400000000e+10,9.170238048460330194e-02,2.882615060255753203e+00
1.503899955200000000e+10,9.122884317657679876e-02,2.847430703847679823e+00
1.505000038400000000e+10,9.077785118077483228e-02,2.811855405450427003e+00
1.506100019200000000e+10,9.027440548634577122e-02,2.780032680728119043e+00
1.507200000000000000e+10,8.980145392649703517e-02,2.745415424957907469e+00
1.508299980800000000e+10,8.942963365579069401e-02,2.715026311931691971e+00
1.509399961600000000e+10,8.898160621642353663e-02,2.682331514895342384e+00
1.510500044800000000e+10,8.854655632727236048e-02,2.649017251788432503e+00
1.511600025600000000e+10,8.799448823612146531e-02,2.616305466557741433e+00
1.512700006400000000e+10,8.729396911782824620e-02,2.584550947211368577e+00
1.513799987200000000e+10,8.710673369565309632e-02,2.554760072726121489e+00
1.514899968000000000e+10,8.663235640728157716e-02,2.526220047936475144e+00
1.516000051200000000e+10,8.635456855240881968e-02,2.489422732332654764e+00
1.517100032000000000e+10,8.605944871075678348e-02,2.457538224928554893e+00
1.518200012800000000e+10,8.541318584586030105e-02,2.433523596874798578e+00
1.519299993600000000e+10,8.538510790379061355e-02,2.394653449755463903e+00
1.520399974400000000e+10,8.519458970330026637e-02,2.360902534089948102e+00
1.521499955200000000e+10,8.472746311111832573e-02,2.330253835006274699e+00
1.522600038400000000e+10,8.432242288504210315e-02,2.298357574309234153e+00
1.523700019200000000e+10,8.371114130942386433e-02,2.269017200378403931e+00
1.524800000000000000e+10,8.340416446104170767e-02,2.237848971713363611e+00
1.525899980800000000e+10,8.341205447337857182e-02,2.212964920822312997e+00
1.526999961600000000e+10,8.314488955562314432e-02,2.176591838423910463e+00
1.528100044800000000e+10,8.319853176147430640e-02,2.134681190611200208e+00
1.529200025600000000e+10,8.259263082555388935e-02,2.112912071736898767e+00
1.530300006400000000e+10,8.225870806778010080e-02,2.081819343695070934e+00
1.531399987200000000e+10,8.204168806990361218e-02,2.049122266695112327e+00
1.532499968000000000e+10,8.167121696366617944e-02,2.022172035269626633e+00
1.533599948800000000e+10,8.132757230362756828e-02,1.989656112721380099e+00
1.534700032000000000e+10,8.131262751870821370e-02,1.959362214333065566e+00
1.535800012800000000e+10,8.047511160139761421e-02,1.923007947885440938e+00
1.536899993600000000e+10,8.056328965776957118e-02,1.903408427809696102e+00
1.537999974400000000e+10,8.025884887887349550e-02,1.872739981422511413e+00
1.539099955200000000e+10,8.045778942035385073e-02,1.842781509522596561e+00
1.540200038400000000e+10,8.009048879668204113e-02,1.813690992568639304e+00
1.541300019200000000e+10,7.995296606547169782e-02,1.781573576385532265e+00
1.542400000000000000e+10,7.982220170652873370e-02,1.753726314288932109e+00
1.543499980800000000e+10,7.968159007820750650e-02,1.724356123890893322e+00
1.544599961600000000e+10,7.992480751219493973e-02,1.694980103803763960e+00
1.545700044800000000e+10,7.948166615850627004e-02,1.664263299515263528e+00
1.546800025600000000e+10,7.911133874911563391e-02,1.634519787917154909e+00
1.547900006400000000e+10,7.905466232775010260e-02,1.605354191777158546e+00
1.548999987200000000e+10,7.900547798493148810e-02,1.579337166463323117e+00
1.550099968000000000e+10,7.910556731722209745e-02,1.545223540868709833e+00
1.551200051200000000e+10,7.907502697578190631e-02,1.515011876386284539e+00
1.552300032000000000e+10,7.878735008370915671e-02,1.482306536433632083e+00
1.553400012800000000e+10,7.883313583747308950e-02,1.455448539787200568e+00
1.554499993600000000e+10,7.849571988597635330e-02,1.429919800191342905e+00
1.555599974400000000e+10,7.912834638326560199e-02,1.398284661789198413e+00
1.556699955200000000e+10,7.959244725752553928e-02,1.372975796094035195e+00
1.557800038400000000e+10,7.880044136135121169e-02,1.336129355485209391e+00
1.558900019200000000e+10,7.864498897809751865e-02,1.307135876450345124e+00
1.560000000000000000e+10,7.864269302047760535e-02,1.275283966860626395e+00
1.561099980800000000e+10,7.872301739002596221e-02,1.249458444795604528e+00
1.562199961600000000e+10,7.798171032147246939e-02,1.234052998615671415e+00
1.563300044800000000e+10,7.914392826082154719e-02,1.191492592905236014e+00
1.564400025600000000e+10,7.945033001077421442e-02,1.159379353124042389e+00
1.565500006400000000e+10,7.919310309797758518e-02,1.123607739313523979e+00
1.566599987200000000e+10,7.916353655313859705e-02,1.095758344060368428e+00
1.567699968000000000e+10,7.904617701939173346e-02,1.062929057691243573e+00
1.568799948800000000e+10,7.929573267507318557e-02,1.035633980543747557e+00
1.569900032000000000e+10,7.883059823026167257e-02,1.002884342073908419e+00
1.571000012800000000e+10,7.949060037519771471e-02,9.724576345769991859e-01
1.572099993600000000e+10,7.920530264147894461e-02,9.445198310327790336e-01
1.573199974400000000e+10,7.983552603785769308e-02,9.139230402393165864e-01
1.574299955200000000e+10,7.998249320540168350e-02,8.870302874561005746e-01
1.575400038400000000e+10,7.994853620578519504e-02,8.538359899142623499e-01
1.576500019200000000e+10,8.036904305019833272e-02,8.243493752332352598e-01
1.577600000000000000e+10,8.044125237832706887e-02,7.924228921957393590e-01
1.578699980800000000e+10,8.045387053225000473e-02,7.558983055404386864e-01
1.579799961600000000e+10,8.060939986011612934e-02,7.300322546597780571e-01
1.580900044800000000e+10,8.072538912024086744e-02,6.932097191390452773e-01
1.582000025600000000e+10,8.150235040345864268e-02,6.691951554031245752e-01
1.583100006400000000e+10,8.164555263728735801e-02,6.367547072676311704e-01
1.584199987200000000e+10,8.200771598461222001e-02,6.067901777327153745e-01
1.585299968000000000e+10,8.236214242784807571e-02,5.743105598225096697e-01
1.586400051200000000e+10,8.259620665142609897e-02,5.406678093818814146e-01
1.587500032000000000e+10,8.284819343567320638e-02,5.083334602794333801e-01
1.588600012800000000e+10,8.304407979192603151e-02,4.760237503034121520e-01
1.589699993600000000e+10,8.357667335074585313e-02,4.442667579553337132e-01
1.590799974400000000e+10,8.385728045682931675e-02,4.130360392250771451e-01
1.591899955200000000e+10,8.495662996801581213e-02,3.781356365498423910e-01
1.593000038400000000e+10,8.530548470957410867e-02,3.454158671817582626e-01
1.594100019200000000e+10,8.474229079904314899e-02,3.100293041616661860e-01
1.595200000000000000e+10,8.512869031399111774e-02,2.774278064119256038e-01
1.596299980800000000e+10,8.542769355048217272e-02,2.434103970980756593e-01
1.597399961600000000e+10,8.596096958902270380e-02,2.114424670771638537e-01
1.598500044800000000e+10,8.663285814299012677e-02,1.775325046619302127e-01
1.599600025600000000e+10,8.709103612783118675e-02,1.330964259770694713e-01
1.600700006400000000e+10,8.720559798269139629e-02,9.748872967821968494e-02
1.601799987200000000e+10,8.692182677928897427e-02,6.309752869818903431e-02
1.602899968000000000e+10,8.765401597028527059e-02,2.879747601510998858e-02
1.603999948800000000e+10,8.754529222329045235e-02,-4.231961409682951855e-03
1.605100032000000000e+10,8.774890454221455360e-02,-4.761190775642190620e-02
1.606200012800000000e+10,8.770838227227963080e-02,-7.551351538008636843e-02
1.607299993600000000e+10,8.813763627046426741e-02,-1.253362310887950470e-01
1.608399974400000000e+10,8.869793923294556903e-02,-1.578993851747841903e-01
1.609499955200000000e+10,8.862760015497078703e-02,-1.994390622638667621e-01
1.610600038400000000e+10,8.918602520991918137e-02,-2.349906132741186593e-01
1.611700019200000000e+10,8.909003541797716474e-02,-2.731664734536099481e-01
1.612800000000000000e+10,8.932015528324030451e-02,-3.134387609808270692e-01
1.613899980800000000e+10,8.934910840641631380e-02,-3.530283854752550021e-01
1.614999961600000000e+10,8.747713669813174386e-02,-3.899894981233315017e-01
1.616100044800000000e+10,8.904850768288027907e-02,-4.298787940468033475e-01
1.617200025600000000e+10,8.874537090633373426e-02,-4.707167217115977853e-01
1.618300006400000000e+10,8.869251063141013469e-02,-5.111423335037601490e-01
1.619399987200000000e+10,8.837355848220851406e-02,-5.504351226743043890e-01
1.620499968000000000e+10,8.800772148471620870e-02,-5.916019743645588580e-01
1.621600051200000000e+10,8.748707520442124130e-02,-6.302599613732204897e-01
1.622700032000000000e+10,8.671981981698220765e-02,-6.691350490823063657e-01
1.623800012800000000e+10,8.634885419779522731e-02,-7.022237033751403956e-01
1.624899993600000000e+10,8.542049507379437245e-02,-7.364699628701305567e-01
1.625999974400000000e+10,8.516776150551387536e-02,-7.691651736653026816e-01
1.627099955200000000e+10,8.468340396213602794e-02,-8.012137072822199668e-01
1.628200038400000000e+10,8.414481588218561403e-02,-8.429977476635776013e-01
1.629300019200000000e+10,8.323370130804406963e-02,-8.708600667559972530e-01
1.630400000000000000e+10,8.273834065920231129e-02,-9.033251470785381709e-01
1.631499980800000000e+10,8.194763829668150201e-02,-9.274472705963825447e-01
1.632599961600000000e+10,8.128561956140191447e-02,-9.566479246129521163e-01
1.633700044800000000e+10,8.118569953808341122e-02,-9.826693090041282996e-01
1.634800025600000000e+10,8.091565203490627689e-02,-1.011346353559920086e+00
1.635900006400000000e+10,8.121991300323359864e-02,-1.045513811604402710e+00
1.636999987200000000e+10,8.065145441564758322e-02,-1.067236053999235157e+00
1.638099968000000000e+10,8.031207355512594293e-02,-1.092144497596577057e+00
1.639199948800000000e+10,8.043643820043593073e-02,-1.117389743989005035e+00
1.640300032000000000e+10,8.051389094751834619e-02,-1.141580201531041894e+00
1.641400012800000000e+10,8.088247176665210036e-02,-1.171119652611307460e+00
1.642499993600000000e+10,8.098888265182573043e-02,-1.199710453737455662e+00
1.643599974400000000e+10,8.082096237016940521e-02,-1.233884524920355164e+00
1.644699955200000000e+10,8.128819612249406357e-02,-1.255901102851557649e+00
1.645800038400000000e+10,8.129641194469898469e-02,-1.286547963208667600e+00
1.646900019200000000e+10,8.190855914463286702e-02,-1.314347978194415845e+00
1.648000000000000000e+10,8.232072791371618237e-02,-1.344063932521216476e+00
1.649099980800000000e+10,8.317493985090550213e-02,-1.380572675562157015e+00
1.650199961600000000e+10,8.332905435514402492e-02,-1.408417325584687463e+00
1.651300044800000000e+10,8.350958355364404562e-02,-1.437489659457268143e+00
1.652400025600000000e+10,8.398304529723155110e-02,-1.468568016001792209e+00
1.653500006400000000e+10,8.436050799692364210e-02,-1.498266654756236660e+00
1.654599987200000000e+10,8.456064954005533540e-02,-1.536282189966778233e+00
1.655699968000000000e+10,8.505597556400661119e-02,-1.571356794711997296e+00
1.656800051200000000e+10,8.566807282239917443e-02,-1.600382641492281488e+00
1.657900032000000000e+10,8.615733777932006732e-02,-1.634415876144498458e+00
1.659000012800000000e+10,8.691565549324055395e-02,-1.674700470598259106e+00
1.660099993600000000e+10,8.693264145906112739e-02,-1.704325186509843437e+00
1.661199974400000000e+10,8.735163716197585915e-02,-1.740102260530187905e+00
1.662299955200000000e+10,8.790756468002146329e-02,-1.772514718936490263e+00
1.663400038400000000e+10,8.834395478665353629e-02,-1.807519460867154537e+00
1.664500019200000000e+10,8.880847920888160218e-02,-1.840745136547994765e+00
1.665600000000000000e+10,8.914904309929239101e-02,-1.878175284448826199e+00
1.666699980800000000e+10,8.940190806368034093e-02,-1.917908687262177336e+00
1.667799961600000000e+10,8.947949929985905826e-02,-1.950917590175415661e+00
1.668900044800000000e+10,8.962227337107439573e-02,-1.988998718498327545e+00
1.670000025600000000e+10,9.054982210382378494e-02,-2.024350412751480199e+00
1.671100006400000000e+10,9.079273009498775582e-02,-2.062461697224955426e+00
1.672199987200000000e+10,9.011875995946472262e-02,-2.109724180951720651e+00
1.673299968000000000e+10,9.145390053277267783e-02,-2.136035937482033464e+00
1.674399948800000000e+10,9.184523884073385325e-02,-2.172124988822510261e+00
1.675500032000000000e+10,9.209405357908587164e-02,-2.208700049095992490e+00
1.676600012800000000e+10,9.238569102638483077e-02,-2.246380495253068599e+00
1.677699993600000000e+10,9.243421024807559061e-02,-2.284778811758425121e+00
1.678799974400000000e+10,9.267901916767995463e-02,-2.323662220996911554e+00
1.679899955200000000e+10,9.156747301117142135e-02,-2.357081165812724421e+00
1.681000038400000000e+10,9.313985830486846973e-02,-2.395544006259095582e+00
1.682100019200000000e+10,9.406672196163497202e-02,-2.434795290003885171e+00
1.683200000000000000e+10,9.357200414652594445e-02,-2.470762288630913961e+00
1.684299980800000000e+10,9.379085963306527107e-02,-2.513861530653294096e+00
1.685399961600000000e+10,9.356843868923525598e-02,-2.552568097169972905e+00
1.686500044800000000e+10,9.347847665597371070e-02,-2.592605971292189171e+00
1.687600025600000000e+10,9.391770230489868143e-02,-2.631175885161539441e+00
1.688700006400000000e+10,9.360648809001635706e-02,-2.669493603279764038e+00
1.689799987200000000e+10,9.360265408366837125e-02,-2.706500622597191263e+00
1.690899968000000000e+10,9.298789347598412913e-02,-2.745800326370140265e+00
1.692000051200000000e+10,9.325146627014455070e-02,-2.784798236916993908e+00
1.693100032000000000e+10,9.311467406698051286e-02,-2.821376378737540325e+00
1.694200012800000000e+10,9.320787195747701204e-02,-2.862811944597741132e+00
1.695299993600000000e+10,9.299995496942048412e-02,-2.906056164927823371e+00
1.696399974400000000e+10,9.284948715713707557e-02,-2.936305011803570952e+00
1.697499955200000000e+10,9.279200020882481803e-02,-2.974013388088615706e+00
1.698600038400000000e+10,9.311477809602265732e-02,-3.011972542951964371e+00
1.699700019200000000e+10,9.289287936686085878e-02,-3.051160514106627808e+00
1.700800000000000000e+10,9.289923203415442754e-02,-3.089552642863366838e+00
1.701899980800000000e+10,9.222786384486347799e-02,-3.125929888106770971e+00
1.702999961600000000e+10,9.152753010362192632e-02,3.119147980814591214e+00
1.704100044800000000e+10,9.171467562328237955e-02,3.083637214476163013e+00
1.705200025600000000e+10,9.154767410499831115e-02,3.044831238534835283e+00
1.706300006400000000e+10,9.164178161709468640e-02,3.005017011563384965e+00
1.707399987200000000e+10,9.123224220496531367e-02,2.967749854349705618e+00
1.708499968000000000e+10,9.081028425777232238e-02,2.927247675757633338e+00
1.709599948800000000e+10,9.060198655693788017e-02,2.894498771587460606e+00
1.710700032000000000e+10,9.038740177371629159e-02,2.859289607313791670e+00
1.711800012800000000e+10,9.052418412671496550e-02,2.820553673196833699e+00
1.712899993600000000e+10,9.015257702645557147e-02,2.782379889677519813e+00
1.713999974400000000e+10,8.982306829965694406e-02,2.744063580614207520e+00
1.715099955200000000e+10,8.934980587502755478e-02,2.708980028399571083e+00
1.716200038400000000e+10,8.886926259018938790e-02,2.672401258494413234e+00
1.717300019200000000e+10,8.965353730264506715e-02,2.631913163819669776e+00
1.718400000000000000e+10,8.855396165994484925e-02,2.589054438331537256e+00
1.719499980800000000e+10,8.858035302070410566e-02,2.561555299620368320e+00
1.720599961600000000e+10,8.782967047060191712e-02,2.526521868115591651e+00
1.721699942400000000e+10,8.784162593248222295e-02,2.486002856213432644e+00
1.722799923200000000e+10,8.712166738565904622e-02,2.454099333050881349e+00
1.723899904000000000e+10,8.655822188888889768e-02,2.416935821118401773e+00
1.725000089600000000e+10,8.555267664939036898e-02,2.392873142720724378e+00
1.726100070400000000e+10,8.551539456091132585e-02,2.356177579041469627e+00
1.727200051200000000e+10,8.589327906421796721e-02,2.323684818483482850e+00
1.728300032000000000e+10,8.526652231440437490e-02,2.278550803769074484e+00
1.729400012800000000e+10,8.512197077380127819e-02,2.240587485363296327e+00
1.730499993600000000e+10,8.452430311592411261e-02,2.206435276697446213e+00
1.731599974400000000e+10,8.408496827802847129e-02,2.171494563795341115e+00
1.732699955200000000e+10,8.337169515106482298e-02,2.153631055736197730e+00
1.733799936000000000e+10,8.335214529539870798e-02,2.110340094401608191e+00
1.734899916800000000e+10,8.357568291002695493e-02,2.071612482076554684e+00
1.735999897600000000e+10,8.296685883039728315e-02,2.035201847190633018e+00
1.737100083200000000e+10,8.247188312773269525e-02,1.998720180107594890e+00
1.738200064000000000e+10,8.182888783402220145e-02,1.969721105724002275e+00
1.739300044800000000e+10,8.145240627811450862e-02,1.937584257557360967e+00
1.740400025600000000e+10,8.166653122926316455e-02,1.908068623717060097e+00
1.741500006400000000e+10,8.119362128682412749e-02,1.868726425577336814e+00
1.742599987200000000e+10,8.092817203250732283e-02,1.830372153347084030e+00
1.743699968000000000e+10,8.039977160261600753e-02,1.799553160409676167e+00
1.744799948800000000e+10,7.999140223376620396e-02,1.765101000553981558e+00
1.745899929600000000e+10,8.013022895231980414e-02,1.744050346165594068e+00
1.746999910400000000e+10,7.984551453184196568e-02,1.709110127859741368e+00
1.748100096000000000e+10,7.964574059178972099e-02,1.667210449222405577e+00
1.749200076800000000e+10,7.899218656668531569e-02,1.635046569137386330e+00
1.750300057600000000e+10,7.832957232626217015e-02,1.601580872518963750e+00
1.751400038400000000e+10,7.819397312633108443e-02,1.571812283403641874e+00
1.752500019200000000e+10,7.789720881553161003e-02,1.541585038498253013e+00
1.753600000000000000e+10,7.875918833856700163e-02,1.519742783010594733e+00
1.754699980800000000e+10,7.794080492093390100e-02,1.479263809287951092e+00
1.755799961600000000e+10,7.733609689851517199e-02,1.432244993025484137e+00
1.756899942400000000e+10,7.687013737284625892e-02,1.406183992241751168e+00
1.757999923200000000e+10,7.629729666234057184e-02,1.371357151359757776e+00
1.759099904000000000e+10,7.636598205462434563e-02,1.338655262233699572e+00
1.760200089600000000e+10,7.588195288788426862e-02,1.308277129438088160e+00
1.761300070400000000e+10,7.629841398105619010e-02,1.254346162047978774e+00
1.762400051200000000e+10,7.526373902546430739e-02,1.244696015062105587e+00
1.763500032000000000e+10,7.532522914303715900e-02,1.210477433645090306e+00
1.764600012800000000e+10,7.495354538127112221e-02,1.183066913734913239e+00
1.765699993600000000e+10,7.442162778551042468e-02,1.150577834204178806e+00
1.766799974400000000e+10,7.440508590429963098e-02,1.121246974000660312e+00
1.767899955200000000e+10,7.447581134505255884e-02,1.090958756042315736e+00
1.768999936000000000e+10,7.273375317645959515e-02,1.039431803251649189e+00
1.770099916800000000e+10,7.429883572477445630e-02,1.027613584896005294e+00
1.771200102400000000e+10,7.374297263605185393e-02,9.914180786802569978e-01
1.772300083200000000e+10,7.366902393833003881e-02,9.644364778838253605e-01
1.773400064000000000e+10,7.332554604677447851e-02,9.359887008009822873e-01
1.774500044800000000e+10,7.346659203646513370e-02,9.113323580826854231e-01
1.775600025600000000e+10,7.336034646669671588e-02,8.767771436092426374e-01
1.776700006400000000e+10,7.383312206723810500e-02,8.391506197372083919e-01
1.777799987200000000e+10,7.296773105249935998e-02,8.098292482433355755e-01
1.778899968000000000e+10,7.253381272694228721e-02,7.748384936588632588e-01
1.779999948800000000e+10,7.242924192528636673e-02,7.491373586015510622e-01
1.781099929600000000e+10,7.250276807890500275e-02,7.202701083261390247e-01
1.782199910400000000e+10,7.394888046467959497e-02,7.097206889121611129e-01
1.783300096000000000e+10,7.274659139178063505e-02,6.603721044278964003e-01
1.784400076800000000e+10,7.300560326500667163e-02,6.186280574796113596e-01
1.785500057600000000e+10,7.212369972670949758e-02,5.917738633921064695e-01
1.786600038400000000e+10,7.176251920368278969e-02,5.613569821604381671e-01
1.787700019200000000e+10,7.174413863776597788e-02,5.390542465966291497e-01
1.788800000000000000e+10,7.194786859069488005e-02,5.077260390935199874e-01
1.789899980800000000e+10,7.320219984525400125e-02,4.704014050701851302e-01
1.790999961600000000e+10,7.203213374193023766e-02,4.402902058722104606e-01
1.792099942400000000e+10,7.168436517096157812e-02,4.016852600173184129e-01
1.793199923200000000e+10,7.175725710161424964e-02,3.774369636487918678e-01
1.794299904000000000e+10,7.163667151850114378e-02,3.483633894610592696e-01
1.795400089600000000e+10,7.083531209384796856e-02,3.089698276344182704e-01
1.796500070400000000e+10,7.140055554360150158e-02,2.896868096570540119e-01
1.797600051200000000e+10,7.025681129448768658e-02,2.445603212872486942e-01
1.798700032000000000e+10,7.177059792721100784e-02,2.224076006955497398e-01
1.799800012800000000e+10,7.127279048967023745e-02,1.903512853800874427e-01
1.800899993600000000e+10,7.138491961612039582e-02,1.602400993578290966e-01
1.801999974400000000e+10,7.150715259078106734e-02,1.315696254776182739e-01
1.803099955200000000e+10,7.152037132563268673e-02,9.903243147733518936e-02
1.804199936000000000e+10,7.204693901949055235e-02,6.698659182505176113e-02
1.805299916800000000e+10,6.991779176265811024e-02,4.098137047930233701e-02
1.806399897600000000e+10,7.221563415452413037e-02,1.529836569565682074e-03
1.807500083200000000e+10,7.224153123116702768e-02,-2.814905157402274039e-02
1.808600064000000000e+10,7.198953500930099780e-02,-6.111659785791242333e-02
1.809700044800000000e+10,7.211068559270451817e-02,-9.055786235745218182e-02
1.810800025600000000e+10,7.268110261888471868e-02,-1.131447452846621599e-01
1.811900006400000000e+10,7.234129259028786174e-02,-1.551194263935679607e-01
1.812999987200000000e+10,7.294442665739191145e-02,-2.026445421974854000e-01
1.814099968000000000e+10,7.225851855618706243e-02,-2.208948120316848451e-01
1.815199948800000000e+10,7.215452528594731851e-02,-2.523504039230372586e-01
1.816299929600000000e+10,7.267847830151236144e-02,-2.796715766803863357e-01
1.817399910400000000e+10,7.291521674818174370e-02,-3.151341290453749111e-01
1.818500096000000000e+10,7.449193491680229651e-02,-3.486412046260235487e-01
1.819600076800000000e+10,7.303247695183814892e-02,-3.836544545936634854e-01
1.820700057600000000e+10,7.296968102941261969e-02,-4.210120183379645331e-01
1.821800038400000000e+10,7.275758952141582470e-02,-4.462379591282899516e-01
1.822900019200000000e+10,7.284136848052182034e-02,-4.764405152703747315e-01
1.824000000000000000e+10,7.328694892903998837e-02,-5.047244504886783112e-01
1.825099980800000000e+10,7.333469952302444639e-02,-5.429824554063356068e-01
1.826199961600000000e+10,7.409552807413605224e-02,-5.931331631094894918e-01
1.827299942400000000e+10,7.328772814235873234e-02,-6.114053018614402646e-01
1.828399923200000000e+10,7.319219950930475060e-02,-6.429258463517417699e-01
1.829499904000000000e+10,7.358985218318181420e-02,-6.721305439102275292e-01
1.830600089600000000e+10,7.372924700986199786e-02,-7.045215692991499967e-01
1.831700070400000000e+10,7.515958166147773678e-02,-7.404397527697430537e-01
1.832800051200000000e+10,7.382908710513458317e-02,-7.728009302203856512e-01
1.833900032000000000e+10,7.388602835880891950e-02,-8.289829091140606954e-01
1.835000012800000000e+10,7.372627852883975597e-02,-8.365508260320164702e-01
1.836099993600000000e+10,7.371010964364013707e-02,-8.667100684689266199e-01
1.837199974400000000e+10,7.401739985674626876e-02,-8.962250787314577360e-01
1.838299955200000000e+10,7.451637830000983065e-02,-9.343203189357573990e-01
1.839399936000000000e+10,7.777871241066490471e-02,-9.708274951343903725e-01
1.840499916800000000e+10,7.482727895670159002e-02,-1.007732278870736131e+00
1.841600102400000000e+10,7.485991080739254344e-02,-1.043252086902582754e+00
1.842700083200000000e+10,7.487676576125139316e-02,-1.072924763185779673e+00
1.843800064000000000e+10,7.508590134103651503e-02,-1.104053053328627021e+00
1.844900044800000000e+10,7.503039917502726808e-02,-1.137928837013000960e+00
1.846000025600000000e+10,7.538671961002871291e-02,-1.173034389444948866e+00
1.847100006400000000e+10,7.527504192047825005e-02,-1.201100898441590070e+00
1.848199987200000000e+10,7.465373192213144160e-02,-1.240759237662080183e+00
1.849299968000000000e+10,7.501380056721225487e-02,-1.244854561575120089e+00
1.850399948800000000e+10,7.550360588075415158e-02,-1.308449847997256832e+00
1.851499929600000000e+10,7.577117175137908223e-02,-1.344619618631132774e+00
1.852599910400000000e+10,7.627964165333805946e-02,-1.377216031712910516e+00
1.853700096000000000e+10,7.604808869837990926e-02,-1.418660350549706406e+00
1.854800076800000000e+10,7.712674165412762572e-02,-1.460932002707374666e+00
1.855900057600000000e+10,7.585792476838137954e-02,-1.492254991417323762e+00
1.857000038400000000e+10,7.565903733482549909e-02,-1.527172150808086881e+00
1.858100019200000000e+10,7.599740910201810418e-02,-1.550666294075587981e+00
1.859200000000000000e+10,7.626357241938086506e-02,-1.587769662445835062e+00
1.860299980800000000e+10,7.686233965803218604e-02,-1.627616232500829208e+00
1.861399961600000000e+10,7.615500773046862681e-02,-1.664017012005106766e+00
1.862499942400000000e+10,7.562299233795995168e-02,-1.712399169423930667e+00
1.863599923200000000e+10,7.619265224090313038e-02,-1.731367177658822198e+00
1.864699904000000000e+10,7.618942874937481569e-02,-1.764957291206866286e+00
1.865800089600000000e+10,7.648856944694765181e-02,-1.797911146600962295e+00
1.866900070400000000e+10,7.633851092188471965e-02,-1.835425628786995889e+00
1.868000051200000000e+10,7.665034333568014613e-02,-1.873618118042393865e+00
1.869100032000000000e+10,7.616389814365262523e-02,-1.907217240405475245e+00
1.870200012800000000e+10,7.591763655248590092e-02,-1.943988005766620342e+00
1.871299993600000000e+10,7.576933797131657489e-02,-1.971832925554450666e+00
1.872399974400000000e+10,7.583097962824800198e-02,-2.005993754614307178e+00
1.873499955200000000e+10,7.618280670781406305e-02,-2.040634979392560666e+00
1.874599936000000000e+10,7.585489178666632304e-02,-2.077159264435567199e+00
1.875699916800000000e+10,7.575666243139345113e-02,-2.115444647389473243e+00
1.876799897600000000e+10,7.566168464889208578e-02,-2.144376778317204302e+00
1.877900083200000000e+10,7.560291183852878294e-02,-2.175059936224708057e+00
1.879000064000000000e+10,7.580917864152375563e-02,-2.209209125957568354e+00
1.880100044800000000e+10,7.578782618393416215e-02,-2.242712054938282407e+00
1.881200025600000000e+10,7.566729024454375840e-02,-2.274901892365243317e+00
1.882300006400000000e+10,7.543787102525877086e-02,-2.313623372137637801e+00
1.883399987200000000e+10,7.525077402438648533e-02,-2.360401407923071737e+00
1.884499968000000000e+10,7.535937089747889173e-02,-2.374241942193191957e+00
1.885599948800000000e+10,7.539849040241662637e-02,-2.406785962997778583e+00
1.886699929600000000e+10,7.572071661863380432e-02,-2.438959087015060589e+00
1.887799910400000000e+10,7.555005805723061241e-02,-2.475585743195029664e+00
1.888900096000000000e+10,7.580382886908919315e-02,-2.510456623833185574e+00
1.890000076800000000e+10,7.539738342194918230e-02,-2.542013618750321058e+00
1.891100057600000000e+10,7.534673667421450116e-02,-2.575303769837247625e+00
1.892200038400000000e+10,7.557682762748882399e-02,-2.603833639450443549e+00
1.893300019200000000e+10,7.577630765610438024e-02,-2.636398632085396709e+00
1.894400000000000000e+10,7.600387169979096191e-02,-2.669891614639241517e+00
1.895499980800000000e+10,7.592810769357263845e-02,-2.704630072534960572e+00
1.896599961600000000e+10,7.586816418304931364e-02,-2.743480832192841667e+00
1.897699942400000000e+10,7.574457175454629709e-02,-2.771394885240596295e+00
1.898799923200000000e+10,7.568736221289044941e-02,-2.804154312731408361e+00
1.899899904000000000e+10,7.631845376127439906e-02,-2.835878427666575607e+00
1.901000089600000000e+10,7.640270372514904040e-02,-2.870776213963128765e+00
1.902100070400000000e+10,7.673948313959147449e-02,-2.905989089639446021e+00
1.903200051200000000e+10,7.657780990073523308e-02,-2.939328562034015047e+00
1.904300032000000000e+10,7.649698022468669201e-02,-2.974177947210311590e+00
1.905400012800000000e+10,7.645632815920808123e-02,-3.003889917826774614e+00
1.906499993600000000e+10,7.654437576054899661e-02,-3.037168239680586801e+00
1.907599974400000000e+10,7.701227514347336323e-02,-3.070740621680807081e+00
1.908699955200000000e+10,7.707076089228981353e-02,-3.107797988760028662e+00
1.909799936000000000e+10,7.728199287485415514e-02,3.138730056161738613e+00
1.910899916800000000e+10,7.730299295011393290e-02,3.105486960346303338e+00
1.912000102400000000e+10,7.746128646733069223e-02,3.071372397213413485e+00
1.913100083200000000e+10,7.758396113399097793e-02,3.037494223189550979e+00
1.914200064000000000e+10,7.776117808471311177e-02,3.004348451868733338e+00
1.915300044800000000e+10,7.786753108634091036e-02,2.967285873098197690e+00
1.916400025600000000e+10,7.803647326697010778e-02,2.934221500958091866e+00
1.917500006400000000e+10,7.779667319856525820e-02,2.902385364929156442e+00
1.918599987200000000e+10,7.820010718465035537e-02,2.866693518461500556e+00
1.919699968000000000e+10,7.832153123796377348e-02,2.833091134226196406e+00
1.920799948800000000e+10,7.855828838589412610e-02,2.794734383704165381e+00
1.921899929600000000e+10,7.852182660004602965e-02,2.759177615987686849e+00
1.922999910400000000e+10,7.868343712481229435e-02,2.721366648857273862e+00
1.924100096000000000e+10,7.862489577221121184e-02,2.688905516893844272e+00
1.925200076800000000e+10,7.858779517467902320e-02,2.652964457962528666e+00
1.926300057600000000e+10,7.912209998269184585e-02,2.630583862465337486e+00
1.927400038400000000e+10,7.908285726397654147e-02,2.596625016233615746e+00
1.928500019200000000e+10,7.957108606474694312e-02,2.549030989190763208e+00
1.929600000000000000e+10,7.934188043727970208e-02,2.511865236264682277e+00
1.930699980800000000e+10,7.944935763197263912e-02,2.474412058115102564e+00
1.931799961600000000e+10,7.934998521339022004e-02,2.440431465522761467e+00
1.932899942400000000e+10,7.937276326124496906e-02,2.404248368947852654e+00
1.933999923200000000e+10,7.953403670202238707e-02,2.368899086457443293e+00
1.935099904000000000e+10,7.969242289396884227e-02,2.332749796319264934e+00
1.936200089600000000e+10,7.982485284141628556e-02,2.295473066972133047e+00
1.937300070400000000e+10,7.989702328774692108e-02,2.260418697781448660e+00
1.938400051200000000e+10,7.992133672261955701e-02,2.223928883661320022e+00
1.939500032000000000e+10,8.005703120063994982e-02,2.191006329959491072e+00
1.940600012800000000e+10,8.012214350144314379e-02,2.155991488008384582e+00
1.941699993600000000e+10,8.009253646718522690e-02,2.114690343965901054e+00
1.942799974400000000e+10,8.002354569871725221e-02,2.078168309396991376e+00
1.943899955200000000e+10,7.986656340957377920e-02,2.040203775374866524e+00
1.944999936000000000e+10,7.992991768177550027e-02,2.005723470768389749e+00
1.946099916800000000e+10,7.982131961019062194e-02,1.968669253681920361e+00
1.947199897600000000e+10,7.997197306977464615e-02,1.932575700864896051e+00
1.948300083200000000e+10,7.998940380471050715e-02,1.895310999466726987e+00
1.949400064000000000e+10,8.011767572461850340e-02,1.857425942240814143e+00
1.950500044800000000e+10,7.997080558915840853e-02,1.821952925861608286e+00
1.951600025600000000e+10,8.068481088079028363e-02,1.802763743551261122e+00
1.952700006400000000e+10,7.990066771815705626e-02,1.748984876604065430e+00
1.953799987200000000e+10,7.994107790474960784e-02,1.712155154948268976e+00
1.954899968000000000e+10,7.966867745456830685e-02,1.673709209765897876e+00
1.955999948800000000e+10,7.952921503255766522e-02,1.637500703905212074e+00
1.957099929600000000e+10,7.918870069691305580e-02,1.598618927392895905e+00
1.958199910400000000e+10,7.936552509128115551e-02,1.567185060786234096e+00
1.959300096000000000e+10,7.890148204348863825e-02,1.530676541984319128e+00
1.960400076800000000e+10,7.925348486163134865e-02,1.487991833107505713e+00
1.961500057600000000e+10,7.871306048347391504e-02,1.453790177318674770e+00
1.962600038400000000e+10,7.901565513561936704e-02,1.413588450820821407e+00
1.963700019200000000e+10,7.869424198062646703e-02,1.382815099387892710e+00
1.964800000000000000e+10,7.856254688465424962e-02,1.345698432459318195e+00
1.965899980800000000e+10,7.839002224603687508e-02,1.313160203960856753e+00
1.966999961600000000e+10,7.800728198666552482e-02,1.279449559256810476e+00
1.968099942400000000e+10,7.806051391331586542e-02,1.244838172373978979e+00
1.969199923200000000e+10,7.804997932893043000e-02,1.208046755269571948e+00
1.970299904000000000e+10,7.801844719544621942e-02,1.171297587563462139e+00
1.971400089600000000e+10,7.781261191116788101e-02,1.134978315559192152e+00
1.972500070400000000e+10,7.772401570338391408e-02,1.098160418452584386e+00
1.973600051200000000e+10,7.772110971737984653e-02,1.068113322786178765e+00
1.974700032000000000e+10,7.746904926079695164e-02,1.038723445832615777e+00
1.975800012800000000e+10,7.759809215602234134e-02,9.926429957138950266e-01
1.976899993600000000e+10,7.725721530439744189e-02,9.561051157335916928e-01
1.977999974400000000e+10,7.686139627493134008e-02,9.190134484040366480e-01
1.979099955200000000e+10,7.665248988679652931e-02,8.874900529483862321e-01
1.980199936000000000e+10,7.624760729764509803e-02,8.514836297490546713e-01
1.981299916800000000e+10,7.625069680204368816e-02,8.172120183446967001e-01
1.982400102400000000e+10,7.611948286933845065e-02,7.826459581083575756e-01
1.983500083200000000e+10,7.631930105196245429e-02,7.499381405870358952e-01
1.984600064000000000e+10,7.613132800611080442e-02,7.124889867783102959e-01
1.985700044800000000e+10,7.508541803454261976e-02,6.721481896271259693e-01
1.986800025600000000e+10,7.568312559786857796e-02,6.400564533425724401e-01
1.987900006400000000e+10,7.506958941347656455e-02,6.036932414472778730e-01
1.988999987200000000e+10,7.523700184072210084e-02,5.479518354721414353e-01
1.990099968000000000e+10,7.528987468822037621e-02,5.687087885505094365e-01
1.991199948800000000e+10,7.475873422205231433e-02,5.020111113638189293e-01
1.992299929600000000e+10,7.495238134318948919e-02,4.676863480331864276e-01
1.993399910400000000e+10,7.457891132160729408e-02,4.363780739651031970e-01
1.994500096000000000e+10,7.477840721712585015e-02,3.945780454463662101e-01
1.995600076800000000e+10,7.459881658051621678e-02,3.590355665295096310e-01
1.996700057600000000e+10,7.394885041536407300e-02,3.230894553683206216e-01
1.997800038400000000e+10,7.415256415860287109e-02,2.952249561066513373e-01
1.998900019200000000e+10,7.416029064293543083e-02,2.552389683211253035e-01
2.000000000000000000e+10,7.427797187179553673e-02,2.226929704308990843e-01
